docID,projectID,lakeID,site,dateSample,timeSample,depthClass,depthTop,depthBottom,replicate,comments,sampleID
D0,99999,ZZ,zzz,2222-22-22,99:99,Surface,0,0,1,aaa,ZZ_zzz_NA_9999_Surface_0_fishScapesLimno.20190319
D1,35,HB,DeepHole,6/3/2020,10:40,point,7,7,1,,HB_DeepHole_20200603_1040_point_7_Limno.Sample.20160505
D2,35,HB,DeepHole,6/3/2020,10:40,point,7,7,2,,HB_DeepHole_20200603_1040_point_7_Limno.Sample.20160505
D3,3,WL,DeepHole,6/4/2020,9:15,PML,0,1,1,,WL_DeepHole_20200604_0915_PML_1_Limno.Sample.20160505
D4,3,WL,DeepHole,6/4/2020,9:15,PML,0,1,2,,WL_DeepHole_20200604_0915_PML_1_Limno.Sample.20160505
D5,3,WL,DeepHole,6/4/2020,9:15,Hypo,8,8,1,,WL_DeepHole_20200604_0915_Hypo_8_Limno.Sample.20160505
D6,3,WL,DeepHole,6/4/2020,9:15,Hypo,8,8,2,,WL_DeepHole_20200604_0915_Hypo_8_Limno.Sample.20160505
D7,3,FE,DeepHole,6/4/2020,10:45,PML,0,0.5,1,,FE_DeepHole_20200604_1045_PML_0.5_Limno.Sample.20160505
D8,3,FE,DeepHole,6/4/2020,10:45,PML,0,0.5,2,,FE_DeepHole_20200604_1045_PML_0.5_Limno.Sample.20160505
D9,3,FE,DeepHole,6/4/2020,10:45,Hypo,8,8,1,,FE_DeepHole_20200604_1045_Hypo_8_Limno.Sample.20160505
D10,3,FE,DeepHole,6/4/2020,10:45,Hypo,8,8,2,,FE_DeepHole_20200604_1045_Hypo_8_Limno.Sample.20160505
D11,3,FE,Inlet1,6/4/2020,10:45,Surface,0,0,1,,FE_Inlet1_20200604_1045_Surface_0_Limno.Sample.20160505
D12,3,FE,Inlet1,6/4/2020,10:45,Surface,0,0,2,,FE_Inlet1_20200604_1045_Surface_0_Limno.Sample.20160505
D13,35,BR,DeepHole,6/6/2020,13:54,point,5.5,5.5,1,,BR_DeepHole_20200606_1354_point_5.5_Limno.Sample.20160505
D14,35,BR,DeepHole,6/6/2020,13:54,point,5.5,5.5,2,,BR_DeepHole_20200606_1354_point_5.5_Limno.Sample.20160505
D15,35,CB,DeepHole,6/6/2020,10:10,point,5.5,5.5,1,,CB_DeepHole_20200606_1010_point_5.5_Limno.Sample.20160505
D16,35,CB,DeepHole,6/6/2020,10:10,point,5.5,5.5,2,,CB_DeepHole_20200606_1010_point_5.5_Limno.Sample.20160505
D17,35,NG,DeepHole,6/6/2020,11:35,point,5.5,5.5,1,,NG_DeepHole_20200606_1135_point_5.5_Limno.Sample.20160505
D18,35,NG,DeepHole,6/6/2020,11:35,point,5.5,5.5,2,,NG_DeepHole_20200606_1135_point_5.5_Limno.Sample.20160505
D19,35,WA,DeepHole,6/6/2020,11:00,point,5.5,5.5,1,,WA_DeepHole_20200606_1100_point_5.5_Limno.Sample.20160505
D20,35,WA,DeepHole,6/6/2020,11:00,point,5.5,5.5,2,,WA_DeepHole_20200606_1100_point_5.5_Limno.Sample.20160505
D21,35,MI,DeepHole,6/7/2020,10:47,point,10,10,1,,MI_DeepHole_20200607_1047_point_10_Limno.Sample.20160505
D22,35,MI,DeepHole,6/7/2020,10:47,point,10,10,2,,MI_DeepHole_20200607_1047_point_10_Limno.Sample.20160505
D23,35,PR,DeepHole,6/7/2020,15:00,point,2.5,2.5,1,,PR_DeepHole_20200607_1500_point_2.5_Limno.Sample.20160505
D24,35,PR,DeepHole,6/7/2020,15:00,point,2.5,2.5,2,,PR_DeepHole_20200607_1500_point_2.5_Limno.Sample.20160505
D25,35,TF,DeepHole,6/7/2020,11:45,point,7,7,1,,TF_DeepHole_20200607_1145_point_7_Limno.Sample.20160505
D26,35,TF,DeepHole,6/7/2020,11:45,point,7,7,2,,TF_DeepHole_20200607_1145_point_7_Limno.Sample.20160505
D27,3,FE,DeepHole,6/9/2020,11:48,PML,0,0.5,1,,FE_DeepHole_20200609_1148_PML_0.5_Limno.Sample.20160505
D28,3,FE,DeepHole,6/9/2020,11:48,PML,0,0.5,2,,FE_DeepHole_20200609_1148_PML_0.5_Limno.Sample.20160505
D29,3,FE,DeepHole,6/9/2020,11:48,Hypo,8,8,1,,FE_DeepHole_20200609_1148_Hypo_8_Limno.Sample.20160505
D30,3,FE,DeepHole,6/9/2020,11:48,Hypo,8,8,2,,FE_DeepHole_20200609_1148_Hypo_8_Limno.Sample.20160505
D31,3,FE,Inlet1,6/9/2020,11:48,Surface,0,0,1,,FE_PML_20200609_1148_Surface_0_Limno.Sample.20160505
D32,3,FE,Inlet1,6/9/2020,11:48,Surface,0,0,2,,FE_PML_20200609_1148_Surface_0_Limno.Sample.20160505
D33,3,WL,DeepHole,6/9/2020,10:20,PML,0,1,1,,WL_DeepHole_20200609_1020_PML_1_Limno.Sample.20160505
D34,3,WL,DeepHole,6/9/2020,10:20,PML,0,1,2,,WL_DeepHole_20200609_1020_PML_1_Limno.Sample.20160505
D35,3,WL,DeepHole,6/9/2020,10:20,Hypo,8,8,1,,WL_DeepHole_20200609_1020_Hypo_8_Limno.Sample.20160505
D36,3,WL,DeepHole,6/9/2020,10:20,Hypo,8,8,2,,WL_DeepHole_20200609_1020_Hypo_8_Limno.Sample.20160505
D37,15,HB,DeepHole,6/10/2020,11:40,PML,0,0.5,1,,HB_DeepHole_20200610_1140_PML_0.5_Limno.Sample.20160505
D38,15,HB,DeepHole,6/10/2020,11:40,PML,0,0.5,2,,HB_DeepHole_20200610_1140_PML_0.5_Limno.Sample.20160505
D39,15,HB,DeepHole,6/10/2020,11:40,Hypo,4,4,1,,HB_DeepHole_20200610_1140_Hypo_4_Limno.Sample.20160505
D40,15,HB,DeepHole,6/10/2020,11:40,Hypo,4,4,2,,HB_DeepHole_20200610_1140_Hypo_4_Limno.Sample.20160505
D41,15,HB,Outlet,6/10/2020,11:40,Surface,0,0,1,,HB_PML_20200610_1140_Surface_0_Limno.Sample.20160505
D42,15,HB,Outlet,6/10/2020,11:40,Surface,0,0,2,,HB_PML_20200610_1140_Surface_0_Limno.Sample.20160505
D43,17,ME,DeepHole,6/10/2020,9:36,PML,0,1,1,,ME_DeepHole_20200610_0936_PML_1_Limno.Sample.20160505
D44,17,ME,DeepHole,6/10/2020,9:36,PML,0,1,2,,ME_DeepHole_20200610_0936_PML_1_Limno.Sample.20160505
D45,17,ME,DeepHole,6/10/2020,9:36,Hypo,3.5,3.5,1,,ME_DeepHole_20200610_0936_Hypo_3.5_Limno.Sample.20160505
D46,17,ME,DeepHole,6/10/2020,9:36,Hypo,3.5,3.5,2,,ME_DeepHole_20200610_0936_Hypo_3.5_Limno.Sample.20160505
D47,17,ME,Outlet,6/10/2020,9:36,Surface,0,0,1,,ME_PML_20200610_0936_Surface_0_Limno.Sample.20160505
D48,17,ME,Outlet,6/10/2020,9:36,Surface,0,0,2,,ME_PML_20200610_0936_Surface_0_Limno.Sample.20160505
D49,15,CR,DeepHole,6/11/2020,9:30,PML,0,2.5,1,,CR_DeepHole_20200611_0930_PML_2.5_Limno.Sample.20160505
D50,15,CR,DeepHole,6/11/2020,9:30,PML,0,2.5,2,,CR_DeepHole_20200611_0930_PML_2.5_Limno.Sample.20160505
D51,15,CR,DeepHole,6/11/2020,9:30,Hypo,8,8,1,,CR_DeepHole_20200611_0930_Hypo_8_Limno.Sample.20160505
D52,15,CR,DeepHole,6/11/2020,9:30,Hypo,8,8,2,,CR_DeepHole_20200611_0930_Hypo_8_Limno.Sample.20160505
D53,15,CR,Outlet,6/11/2020,9:30,Surface,0,0,1,,CR_PML_20200611_0930_Surface_0_Limno.Sample.20160505
D54,15,CR,Outlet,6/11/2020,9:30,Surface,0,0,2,,CR_PML_20200611_0930_Surface_0_Limno.Sample.20160505
D55,15,MO,DeepHole,6/12/2020,9:25,PML,0,1.5,1,,MO_DeepHole_20200612_0925_PML_1.5_Limno.Sample.20160505
D56,15,MO,DeepHole,6/12/2020,9:25,PML,0,1.5,2,,MO_DeepHole_20200612_0925_PML_1.5_Limno.Sample.20160505
D57,15,MO,DeepHole,6/12/2020,9:25,Hypo,4.5,4.5,1,,MO_DeepHole_20200612_0925_Hypo_4.5_Limno.Sample.20160505
D58,15,MO,DeepHole,6/12/2020,9:25,Hypo,4.5,4.5,2,,MO_DeepHole_20200612_0925_Hypo_4.5_Limno.Sample.20160505
D59,15,MO,Inlet1,6/12/2020,9:25,Surface,0,0,1,,MO_PML_20200612_0925_Surface_0_Limno.Sample.20160505
D60,15,MO,Inlet1,6/12/2020,9:25,Surface,0,0,2,,MO_PML_20200612_0925_Surface_0_Limno.Sample.20160505
D61,15,MO,Inlet2,6/12/2020,9:25,Surface,0,0,1,,MO_PML_20200612_0925_Surface_0_Limno.Sample.20160505
D62,15,MO,Inlet2,6/12/2020,9:25,Surface,0,0,2,,MO_PML_20200612_0925_Surface_0_Limno.Sample.20160505
D63,15,MO,Inlet3,6/12/2020,9:25,Surface,0,0,1,,MO_PML_20200612_0925_Surface_0_Limno.Sample.20160505
D64,15,MO,Inlet3,6/12/2020,9:25,Surface,0,0,2,,MO_PML_20200612_0925_Surface_0_Limno.Sample.20160505
D65,17,BR,DeepHole,6/15/2020,11:42,PML,0,2,1,,BR_DeepHole_20200615_1142_PML_2_Limno.Sample.20160505
D66,17,BR,DeepHole,6/15/2020,11:42,PML,0,2,2,,BR_DeepHole_20200615_1142_PML_2_Limno.Sample.20160505
D67,17,BR,DeepHole,6/15/2020,11:42,Hypo,3.5,3.5,1,,BR_DeepHole_20200615_1142_Hypo_3.5_Limno.Sample.20160505
D68,17,BR,DeepHole,6/15/2020,11:42,Hypo,3.5,3.5,2,,BR_DeepHole_20200615_1142_Hypo_3.5_Limno.Sample.20160505
D69,17,BA,DeepHole,6/15/2020,14:00,PML,0,2.5,1,,BA_DeepHole_20200615_1400_PML_2.5_Limno.Sample.20160505
D70,17,BA,DeepHole,6/15/2020,14:00,PML,0,2.5,2,,BA_DeepHole_20200615_1400_PML_2.5_Limno.Sample.20160505
D71,17,BA,DeepHole,6/15/2020,14:00,Hypo,6.5,6.5,1,,BA_DeepHole_20200615_1400_Hypo_6.5_Limno.Sample.20160505
D72,17,BA,DeepHole,6/15/2020,14:00,Hypo,6.5,6.5,2,,BA_DeepHole_20200615_1400_Hypo_6.5_Limno.Sample.20160505
D73,3,FE,DeepHole,6/16/2020,10:35,PML,0,1.5,1,,FE_DeepHole_20200616_1035_PML_1.5_Limno.Sample.20160505
D74,3,FE,DeepHole,6/16/2020,10:35,PML,0,1.5,2,,FE_DeepHole_20200616_1035_PML_1.5_Limno.Sample.20160505
D75,3,FE,DeepHole,6/16/2020,10:35,Hypo,8,8,1,,FE_DeepHole_20200616_1035_Hypo_8_Limno.Sample.20160505
D76,3,FE,DeepHole,6/16/2020,10:35,Hypo,8,8,2,,FE_DeepHole_20200616_1035_Hypo_8_Limno.Sample.20160505
D77,3,FE,Inlet1,6/16/2020,10:35,Surface,0,0,1,,FE_PML_20200616_1035_Surface_0_Limno.Sample.20160505
D78,3,FE,Inlet1,6/16/2020,10:35,Surface,0,0,2,,FE_PML_20200616_1035_Surface_0_Limno.Sample.20160505
D79,3,WL,DeepHole,6/16/2020,8:56,PML,0,2,1,,WL_DeepHole_20200616_0856_PML_2_Limno.Sample.20160505
D80,3,WL,DeepHole,6/16/2020,8:56,PML,0,2,2,,WL_DeepHole_20200616_0856_PML_2_Limno.Sample.20160505
D81,3,WL,DeepHole,6/16/2020,8:56,Hypo,8,8,1,,WL_DeepHole_20200616_0856_Hypo_8_Limno.Sample.20160505
D82,3,WL,DeepHole,6/16/2020,8:56,Hypo,8,8,2,,WL_DeepHole_20200616_0856_Hypo_8_Limno.Sample.20160505
D83,17,PA,DeepHole,6/17/2020,9:20,PML,0,2,1,,PA_DeepHole_20200617_0920_PML_2_Limno.Sample.20160505
D84,17,PA,DeepHole,6/17/2020,9:20,PML,0,2,2,,PA_DeepHole_20200617_0920_PML_2_Limno.Sample.20160505
D85,17,PA,DeepHole,6/17/2020,9:20,Hypo,5.5,5.5,1,,PA_DeepHole_20200617_0920_Hypo_5.5_Limno.Sample.20160505
D86,17,PA,DeepHole,6/17/2020,9:20,Hypo,5.5,5.5,2,,PA_DeepHole_20200617_0920_Hypo_5.5_Limno.Sample.20160505
D87,17,PE,DeepHole,6/17/2020,10:38,PML,0,2,1,,PE_DeepHole_20200617_1038_PML_2_Limno.Sample.20160505
D88,17,PE,DeepHole,6/17/2020,10:38,PML,0,2,2,,PE_DeepHole_20200617_1038_PML_2_Limno.Sample.20160505
D89,17,PE,DeepHole,6/17/2020,10:38,Hypo,9,9,1,,PE_DeepHole_20200617_1038_Hypo_9_Limno.Sample.20160505
D90,17,PE,DeepHole,6/17/2020,10:38,Hypo,9,9,2,,PE_DeepHole_20200617_1038_Hypo_9_Limno.Sample.20160505
D91,15,MO,DeepHole,6/22/2020,9:05,PML,0,3.5,1,,MO_DeepHole_20200622_0905_PML_3.5_Limno.Sample.20160505
D92,15,MO,DeepHole,6/22/2020,9:05,PML,0,3.5,2,,MO_DeepHole_20200622_0905_PML_3.5_Limno.Sample.20160505
D93,15,MO,DeepHole,6/22/2020,9:05,Hypo,7,7,1,,MO_DeepHole_20200622_0905_Hypo_7_Limno.Sample.20160505
D94,15,MO,DeepHole,6/22/2020,9:05,Hypo,7,7,2,,MO_DeepHole_20200622_0905_Hypo_7_Limno.Sample.20160505
D95,15,MO,Inlet1,6/22/2020,9:05,Surface,0,0,1,,MO_PML_20200622_0905_Surface_0_Limno.Sample.20160505
D96,15,MO,Inlet1,6/22/2020,9:05,Surface,0,0,2,,MO_PML_20200622_0905_Surface_0_Limno.Sample.20160505
D97,15,MO,Inlet2,6/22/2020,9:05,Surface,0,0,1,,MO_PML_20200622_0905_Surface_0_Limno.Sample.20160505
D98,15,MO,Inlet2,6/22/2020,9:05,Surface,0,0,2,,MO_PML_20200622_0905_Surface_0_Limno.Sample.20160505
D99,15,MO,Inlet3,6/22/2020,9:05,Surface,0,0,1,,MO_PML_20200622_0905_Surface_0_Limno.Sample.20160505
D100,15,MO,Inlet3,6/22/2020,9:05,Surface,0,0,2,,MO_PML_20200622_0905_Surface_0_Limno.Sample.20160505
D101,3,FE,DeepHole,6/23/2020,11:25,PML,0,1.5,1,,FE_DeepHole_20200623_1125_PML_1.5_Limno.Sample.20160505
D102,3,FE,DeepHole,6/23/2020,11:25,PML,0,1.5,2,,FE_DeepHole_20200623_1125_PML_1.5_Limno.Sample.20160505
D103,3,FE,DeepHole,6/23/2020,11:25,Hypo,8,8,1,,FE_DeepHole_20200623_1125_Hypo_8_Limno.Sample.20160505
D104,3,FE,DeepHole,6/23/2020,11:25,Hypo,8,8,2,,FE_DeepHole_20200623_1125_Hypo_8_Limno.Sample.20160505
D105,3,FE,Inlet1,6/23/2020,11:25,Surface,0,0,1,,FE_PML_20200623_1125_Surface_0_Limno.Sample.20160505
D106,3,FE,Inlet1,6/23/2020,11:25,Surface,0,0,2,,FE_PML_20200623_1125_Surface_0_Limno.Sample.20160505
D107,3,WL,DeepHole,6/23/2020,9:45,PML,0,1.5,1,,WL_DeepHole_20200623_0945_PML_1.5_Limno.Sample.20160505
D108,3,WL,DeepHole,6/23/2020,9:45,PML,0,1.5,2,,WL_DeepHole_20200623_0945_PML_1.5_Limno.Sample.20160505
D109,3,WL,DeepHole,6/23/2020,9:45,Hypo,8,8,1,,WL_DeepHole_20200623_0945_Hypo_8_Limno.Sample.20160505
D110,3,WL,DeepHole,6/23/2020,9:45,Hypo,8,8,2,,WL_DeepHole_20200623_0945_Hypo_8_Limno.Sample.20160505
D111,15,HB,DeepHole,6/24/2020,10:53,PML,0,0.5,1,,HB_DeepHole_20200624_1053_PML_0.5_Limno.Sample.20160505
D112,15,HB,DeepHole,6/24/2020,10:53,PML,0,0.5,2,,HB_DeepHole_20200624_1053_PML_0.5_Limno.Sample.20160505
D113,15,HB,DeepHole,6/24/2020,10:53,Hypo,4,4,1,,HB_DeepHole_20200624_1053_Hypo_4_Limno.Sample.20160505
D114,15,HB,DeepHole,6/24/2020,10:53,Hypo,4,4,2,,HB_DeepHole_20200624_1053_Hypo_4_Limno.Sample.20160505
D115,15,HB,Outlet,6/24/2020,10:53,Surface,0,0,1,,HB_PML_20200624_1053_Surface_0_Limno.Sample.20160505
D116,15,HB,Outlet,6/24/2020,10:53,Surface,0,0,2,,HB_PML_20200624_1053_Surface_0_Limno.Sample.20160505
D117,17,ME,DeepHole,6/24/2020,8:52,PML,0,1.5,1,,ME_DeepHole_20200624_0852_PML_1.5_Limno.Sample.20160505
D118,17,ME,DeepHole,6/24/2020,8:52,PML,0,1.5,2,,ME_DeepHole_20200624_0852_PML_1.5_Limno.Sample.20160505
D119,17,ME,DeepHole,6/24/2020,8:52,Hypo,3,3,1,,ME_DeepHole_20200624_0852_Hypo_3_Limno.Sample.20160505
D120,17,ME,DeepHole,6/24/2020,8:52,Hypo,3,3,2,,ME_DeepHole_20200624_0852_Hypo_3_Limno.Sample.20160505
D121,17,ME,Outlet,6/24/2020,8:52,Surface,0,0,1,,ME_PML_20200624_0852_Surface_0_Limno.Sample.20160505
D122,17,ME,Outlet,6/24/2020,8:52,Surface,0,0,2,,ME_PML_20200624_0852_Surface_0_Limno.Sample.20160505
D123,15,CR,DeepHole,6/25/2020,10:06,PML,0,2.5,1,,CR_DeepHole_20200625_1006_PML_2.5_Limno.Sample.20160505
D124,15,CR,DeepHole,6/25/2020,10:06,PML,0,2.5,2,,CR_DeepHole_20200625_1006_PML_2.5_Limno.Sample.20160505
D125,15,CR,DeepHole,6/25/2020,10:06,Hypo,11,11,1,,CR_DeepHole_20200625_1006_Hypo_11_Limno.Sample.20160505
D126,15,CR,DeepHole,6/25/2020,10:06,Hypo,11,11,2,,CR_DeepHole_20200625_1006_Hypo_11_Limno.Sample.20160505
D127,15,CR,Outlet,6/25/2020,10:06,Surface,0,0,1,,CR_PML_20200625_1006_Surface_0_Limno.Sample.20160505
D128,15,CR,Outlet,6/25/2020,10:06,Surface,0,0,2,,CR_PML_20200625_1006_Surface_0_Limno.Sample.20160505
D129,17,TU,DeepHole,6/25/2020,12:31,PML,0,1.5,1,,TU_DeepHole_20200625_1231_PML_1.5_Limno.Sample.20160505
D130,17,TU,DeepHole,6/25/2020,12:31,PML,0,1.5,2,,TU_DeepHole_20200625_1231_PML_1.5_Limno.Sample.20160505
D131,17,TU,DeepHole,6/25/2020,12:31,Hypo,7,7,1,,TU_DeepHole_20200625_1231_Hypo_7_Limno.Sample.20160505
D132,17,TU,DeepHole,6/25/2020,12:31,Hypo,7,7,2,,TU_DeepHole_20200625_1231_Hypo_7_Limno.Sample.20160505
D133,17,WA,DeepHole,6/29/2020,8:54,PML,0,1,1,,WA_DeepHole_20200629_0854_PML_1_Limno.Sample.20160505
D134,17,WA,DeepHole,6/29/2020,8:54,PML,0,1,2,,WA_DeepHole_20200629_0854_PML_1_Limno.Sample.20160505
D135,17,WA,DeepHole,6/29/2020,8:54,Hypo,3.5,3.5,1,,WA_DeepHole_20200629_0854_Hypo_3.5_Limno.Sample.20160505
D136,17,WA,DeepHole,6/29/2020,8:54,Hypo,3.5,3.5,2,,WA_DeepHole_20200629_0854_Hypo_3.5_Limno.Sample.20160505
D137,3,FE,DeepHole,6/30/2020,11:30,PML,0,1,1,,FE_DeepHole_20200630_1130_PML_1_Limno.Sample.20160505
D138,3,FE,DeepHole,6/30/2020,11:30,PML,0,1,2,,FE_DeepHole_20200630_1130_PML_1_Limno.Sample.20160505
D139,3,FE,DeepHole,6/30/2020,11:30,Hypo,8,8,1,,FE_DeepHole_20200630_1130_Hypo_8_Limno.Sample.20160505
D140,3,FE,DeepHole,6/30/2020,11:30,Hypo,8,8,2,,FE_DeepHole_20200630_1130_Hypo_8_Limno.Sample.20160505
D141,3,WL,DeepHole,6/30/2020,9:58,PML,0,1,1,,WL_DeepHole_20200630_0958_PML_1_Limno.Sample.20160505
D142,3,WL,DeepHole,6/30/2020,9:58,PML,0,1,2,,WL_DeepHole_20200630_0958_PML_1_Limno.Sample.20160505
D143,3,WL,DeepHole,6/30/2020,9:58,Hypo,8,8,1,,WL_DeepHole_20200630_0958_Hypo_8_Limno.Sample.20160505
D144,3,WL,DeepHole,6/30/2020,9:58,Hypo,8,8,2,,WL_DeepHole_20200630_0958_Hypo_8_Limno.Sample.20160505
D145,17,BO,DeepHole,7/1/2020,10:41,PML,0,0.25,1,,BO_DeepHole_20200701_1041_PML_0.25_Limno.Sample.20160505
D146,17,BO,DeepHole,7/1/2020,10:41,PML,0,0.25,2,,BO_DeepHole_20200701_1041_PML_0.25_Limno.Sample.20160505
D147,17,BO,DeepHole,7/1/2020,10:41,Hypo,2,2,1,,BO_DeepHole_20200701_1041_Hypo_2_Limno.Sample.20160505
D148,17,BO,DeepHole,7/1/2020,10:41,Hypo,2,2,2,,BO_DeepHole_20200701_1041_Hypo_2_Limno.Sample.20160505
D149,17,CB,DeepHole,7/1/2020,9:09,PML,0,0.5,1,,CB_DeepHole_20200701_0909_PML_0.5_Limno.Sample.20160505
D150,17,CB,DeepHole,7/1/2020,9:09,PML,0,0.5,2,,CB_DeepHole_20200701_0909_PML_0.5_Limno.Sample.20160505
D151,17,CB,DeepHole,7/1/2020,9:09,Hypo,3,3,1,,CB_DeepHole_20200701_0909_Hypo_3_Limno.Sample.20160505
D152,17,CB,DeepHole,7/1/2020,9:09,Hypo,3,3,2,,CB_DeepHole_20200701_0909_Hypo_3_Limno.Sample.20160505
D153,17,NG,DeepHole,7/3/2020,9:20,PML,0,0.25,1,,NG_DeepHole_20200703_0920_PML_0.25_Limno.Sample.20160505
D154,17,NG,DeepHole,7/3/2020,9:20,PML,0,0.25,2,,NG_DeepHole_20200703_0920_PML_0.25_Limno.Sample.20160505
D155,17,NG,DeepHole,7/3/2020,9:20,Hypo,4,4,1,,NG_DeepHole_20200703_0920_Hypo_4_Limno.Sample.20160505
D156,17,NG,DeepHole,7/3/2020,9:20,Hypo,4,4,2,,NG_DeepHole_20200703_0920_Hypo_4_Limno.Sample.20160505
D157,15,MO,DeepHole,7/6/2020,9:01,PML,0,0.5,1,,MO_DeepHole_20200706_0901_PML_0.5_Limno.Sample.20160505
D158,15,MO,DeepHole,7/6/2020,9:01,PML,0,0.5,2,,MO_DeepHole_20200706_0901_PML_0.5_Limno.Sample.20160505
D159,15,MO,DeepHole,7/6/2020,9:01,Hypo,3.5,3.5,1,,MO_DeepHole_20200706_0901_Hypo_3.5_Limno.Sample.20160505
D160,15,MO,DeepHole,7/6/2020,9:01,Hypo,3.5,3.5,2,,MO_DeepHole_20200706_0901_Hypo_3.5_Limno.Sample.20160505
D161,15,MO,Inlet1,7/6/2020,9:01,Surface,0,0,1,,MO_PML_20200706_0901_Surface_0_Limno.Sample.20160505
D162,15,MO,Inlet1,7/6/2020,9:01,Surface,0,0,2,,MO_PML_20200706_0901_Surface_0_Limno.Sample.20160505
D163,15,MO,Inlet2,7/6/2020,9:01,Surface,0,0,1,,MO_PML_20200706_0901_Surface_0_Limno.Sample.20160505
D164,15,MO,Inlet2,7/6/2020,9:01,Surface,0,0,2,,MO_PML_20200706_0901_Surface_0_Limno.Sample.20160505
D165,3,FE,DeepHole,7/7/2020,11:30,PML,0,0.25,1,,FE_DeepHole_20200707_1130_PML_0.25_Limno.Sample.20160505
D166,3,FE,DeepHole,7/7/2020,11:30,PML,0,0.25,2,,FE_DeepHole_20200707_1130_PML_0.25_Limno.Sample.20160505
D167,3,FE,DeepHole,7/7/2020,11:30,Hypo,8,8,1,,FE_DeepHole_20200707_1130_Hypo_8_Limno.Sample.20160505
D168,3,FE,DeepHole,7/7/2020,11:30,Hypo,8,8,2,,FE_DeepHole_20200707_1130_Hypo_8_Limno.Sample.20160505
D169,3,WL,DeepHole,7/7/2020,10:00,PML,0,1,1,,WL_DeepHole_20200707_1000_PML_1_Limno.Sample.20160505
D170,3,WL,DeepHole,7/7/2020,10:00,PML,0,1,2,,WL_DeepHole_20200707_1000_PML_1_Limno.Sample.20160505
D171,3,WL,DeepHole,7/7/2020,10:00,Hypo,8,8,1,,WL_DeepHole_20200707_1000_Hypo_8_Limno.Sample.20160505
D172,3,WL,DeepHole,7/7/2020,10:00,Hypo,8,8,2,,WL_DeepHole_20200707_1000_Hypo_8_Limno.Sample.20160505
D173,15,HB,DeepHole,7/8/2020,9:45,PML,0,0.25,1,,HB_DeepHole_20200708_0945_PML_0.25_Limno.Sample.20160505
D174,15,HB,DeepHole,7/8/2020,9:45,PML,0,0.25,2,,HB_DeepHole_20200708_0945_PML_0.25_Limno.Sample.20160505
D175,15,HB,DeepHole,7/8/2020,9:45,Hypo,3.5,3.5,1,,HB_DeepHole_20200708_0945_Hypo_3.5_Limno.Sample.20160505
D176,15,HB,DeepHole,7/8/2020,9:45,Hypo,3.5,3.5,2,,HB_DeepHole_20200708_0945_Hypo_3.5_Limno.Sample.20160505
D177,15,HB,Outlet,7/8/2020,9:45,Surface,0,0,1,,HB_PML_20200708_0945_Surface_0_Limno.Sample.20160505
D178,15,HB,Outlet,7/8/2020,9:45,Surface,0,0,2,,HB_PML_20200708_0945_Surface_0_Limno.Sample.20160505
D179,15,CR,DeepHole,7/10/2020,10:25,PML,0,2.5,1,,CR_DeepHole_20200710_1025_PML_2.5_Limno.Sample.20160505
D180,15,CR,DeepHole,7/10/2020,10:25,PML,0,2.5,2,,CR_DeepHole_20200710_1025_PML_2.5_Limno.Sample.20160505
D181,15,CR,DeepHole,7/10/2020,10:25,Hypo,7.5,7.5,1,,CR_DeepHole_20200710_1025_Hypo_7.5_Limno.Sample.20160505
D182,15,CR,DeepHole,7/10/2020,10:25,Hypo,7.5,7.5,2,,CR_DeepHole_20200710_1025_Hypo_7.5_Limno.Sample.20160505
D183,15,CR,Outlet,7/10/2020,10:25,Surface,0,0,1,,CR_PML_20200710_1025_Surface_0_Limno.Sample.20160505
D184,15,CR,Outlet,7/10/2020,10:25,Surface,0,0,2,,CR_PML_20200710_1025_Surface_0_Limno.Sample.20160505
D185,3,FE,DeepHole,7/15/2020,10:15,PML,0,1.5,1,,FE_DeepHole_20200715_1015_PML_1.5_Limno.Sample.20160505
D186,3,FE,DeepHole,7/15/2020,10:15,PML,0,1.5,2,,FE_DeepHole_20200715_1015_PML_1.5_Limno.Sample.20160505
D187,3,FE,DeepHole,7/15/2020,10:15,Hypo,8,8,1,,FE_DeepHole_20200715_1015_Hypo_8_Limno.Sample.20160505
D188,3,FE,DeepHole,7/15/2020,10:15,Hypo,8,8,2,,FE_DeepHole_20200715_1015_Hypo_8_Limno.Sample.20160505
D189,3,FE,Inlet1,7/15/2020,10:15,Surface,0,0,1,,FE_PML_20200715_1015_Surface_0_Limno.Sample.20160505
D190,3,FE,Inlet1,7/15/2020,10:15,Surface,0,0,2,,FE_PML_20200715_1015_Surface_0_Limno.Sample.20160505
D191,3,WL,DeepHole,7/15/2020,9:07,PML,0,2,1,,WL_DeepHole_20200715_0907_PML_2_Limno.Sample.20160505
D192,3,WL,DeepHole,7/15/2020,9:07,PML,0,2,2,,WL_DeepHole_20200715_0907_PML_2_Limno.Sample.20160505
D193,3,WL,DeepHole,7/15/2020,9:07,Hypo,8,8,1,,WL_DeepHole_20200715_0907_Hypo_8_Limno.Sample.20160505
D194,3,WL,DeepHole,7/15/2020,9:07,Hypo,8,8,2,,WL_DeepHole_20200715_0907_Hypo_8_Limno.Sample.20160505
D195,41,JO,DeepHole,7/16/2020,11:20,PML,0,2,1,,JO_DeepHole_20200716_1120_PML_2_Limno.Sample.20160505
D196,41,JO,DeepHole,7/16/2020,11:20,PML,0,2,2,,JO_DeepHole_20200716_1120_PML_2_Limno.Sample.20160505
D197,41,JO,DeepHole,7/16/2020,11:20,Hypo,4.5,4.5,1,,JO_DeepHole_20200716_1120_Hypo_4.5_Limno.Sample.20160505
D198,41,JO,DeepHole,7/16/2020,11:20,Hypo,4.5,4.5,2,,JO_DeepHole_20200716_1120_Hypo_4.5_Limno.Sample.20160505
D199,15,MO,DeepHole,7/20/2020,9:00,PML,0,1,1,,MO_DeepHole_20200720_0900_PML_1_Limno.Sample.20160505
D200,15,MO,DeepHole,7/20/2020,9:00,PML,0,1,2,,MO_DeepHole_20200720_0900_PML_1_Limno.Sample.20160505
D201,15,MO,DeepHole,7/20/2020,9:00,Hypo,4,4,1,,MO_DeepHole_20200720_0900_Hypo_4_Limno.Sample.20160505
D202,15,MO,DeepHole,7/20/2020,9:00,Hypo,4,4,2,,MO_DeepHole_20200720_0900_Hypo_4_Limno.Sample.20160505
D203,15,MO,Inlet1,7/20/2020,9:00,Surface,0,0,1,,MO_PML_20200720_0900_Surface_0_Limno.Sample.20160505
D204,15,MO,Inlet1,7/20/2020,9:00,Surface,0,0,2,,MO_PML_20200720_0900_Surface_0_Limno.Sample.20160505
D205,15,MO,Inlet2,7/20/2020,9:00,Surface,0,0,1,,MO_PML_20200720_0900_Surface_0_Limno.Sample.20160505
D206,15,MO,Inlet2,7/20/2020,9:00,Surface,0,0,2,,MO_PML_20200720_0900_Surface_0_Limno.Sample.20160505
D207,15,MO,Inlet3,7/20/2020,9:00,Surface,0,0,1,,MO_PML_20200720_0900_Surface_0_Limno.Sample.20160505
D208,15,MO,Inlet3,7/20/2020,9:00,Surface,0,0,2,,MO_PML_20200720_0900_Surface_0_Limno.Sample.20160505
D209,3,WL,DeepHole,7/21/2020,9:57,PML,0,2,1,,WL_DeepHole_20200721_0957_PML_2_Limno.Sample.20160505
D210,3,WL,DeepHole,7/21/2020,9:57,PML,0,2,2,,WL_DeepHole_20200721_0957_PML_2_Limno.Sample.20160505
D211,3,WL,DeepHole,7/21/2020,9:57,Hypo,8,8,1,,WL_DeepHole_20200721_0957_Hypo_8_Limno.Sample.20160505
D212,3,WL,DeepHole,7/21/2020,9:57,Hypo,8,8,2,,WL_DeepHole_20200721_0957_Hypo_8_Limno.Sample.20160505
D213,3,FE,DeepHole,7/22/2020,11:45,PML,0,2,1,,FE_DeepHole_20200722_1145_PML_2_Limno.Sample.20160505
D214,3,FE,DeepHole,7/22/2020,11:45,PML,0,2,2,,FE_DeepHole_20200722_1145_PML_2_Limno.Sample.20160505
D215,3,FE,DeepHole,7/22/2020,11:45,Hypo,8,8,1,,FE_DeepHole_20200722_1145_Hypo_8_Limno.Sample.20160505
D216,3,FE,DeepHole,7/22/2020,11:45,Hypo,8,8,2,,FE_DeepHole_20200722_1145_Hypo_8_Limno.Sample.20160505
D217,3,FE,Inlet1,7/22/2020,11:45,Surface,0,0,1,,FE_PML_20200722_1145_Surface_0_Limno.Sample.20160505
D218,3,FE,Inlet1,7/22/2020,11:45,Surface,0,0,2,,FE_PML_20200722_1145_Surface_0_Limno.Sample.20160505
D219,15,CR,DeepHole,7/23/2020,10:30,PML,0,3.5,1,,CR_DeepHole_20200723_1030_PML_3.5_Limno.Sample.20160505
D220,15,CR,DeepHole,7/23/2020,10:30,PML,0,3.5,2,,CR_DeepHole_20200723_1030_PML_3.5_Limno.Sample.20160505
D221,15,CR,DeepHole,7/23/2020,10:30,Hypo,8,8,1,,CR_DeepHole_20200723_1030_Hypo_8_Limno.Sample.20160505
D222,15,CR,DeepHole,7/23/2020,10:30,Hypo,8,8,2,,CR_DeepHole_20200723_1030_Hypo_8_Limno.Sample.20160505
D223,15,CR,Outlet,7/23/2020,10:30,Surface,0,0,1,,CR_PML_20200723_1030_Surface_0_Limno.Sample.20160505
D224,15,CR,Outlet,7/23/2020,10:30,Surface,0,0,2,,CR_PML_20200723_1030_Surface_0_Limno.Sample.20160505
D225,17,BA,DeepHole,7/27/2020,11:30,PML,0,2.5,1,,BA_DeepHole_20200727_1130_PML_2.5_Limno.Sample.20160505
D226,17,BA,DeepHole,7/27/2020,11:30,PML,0,2.5,2,,BA_DeepHole_20200727_1130_PML_2.5_Limno.Sample.20160505
D227,17,BA,DeepHole,7/27/2020,11:30,Hypo,7,7,1,,BA_DeepHole_20200727_1130_Hypo_7_Limno.Sample.20160505
D228,17,BA,DeepHole,7/27/2020,11:30,Hypo,7,7,2,,BA_DeepHole_20200727_1130_Hypo_7_Limno.Sample.20160505
D229,17,BR,DeepHole,7/27/2020,9:25,PML,0,2,1,,BR_DeepHole_20200727_0925_PML_2_Limno.Sample.20160505
D230,17,BR,DeepHole,7/27/2020,9:25,PML,0,2,2,,BR_DeepHole_20200727_0925_PML_2_Limno.Sample.20160505
D231,17,BR,DeepHole,7/27/2020,9:25,Hypo,4,4,1,,BR_DeepHole_20200727_0925_Hypo_4_Limno.Sample.20160505
D232,17,BR,DeepHole,7/27/2020,9:25,Hypo,4,4,2,,BR_DeepHole_20200727_0925_Hypo_4_Limno.Sample.20160505
D233,3,FE,DeepHole,7/28/2020,12:10,PML,0,1,1,,FE_DeepHole_20200728_1210_PML_1_Limno.Sample.20160505
D234,3,FE,DeepHole,7/28/2020,12:10,PML,0,1,2,,FE_DeepHole_20200728_1210_PML_1_Limno.Sample.20160505
D235,3,FE,DeepHole,7/28/2020,12:10,Hypo,8,8,1,,FE_DeepHole_20200728_1210_Hypo_8_Limno.Sample.20160505
D236,3,FE,DeepHole,7/28/2020,12:10,Hypo,8,8,2,,FE_DeepHole_20200728_1210_Hypo_8_Limno.Sample.20160505
D237,3,FE,Inlet1,7/28/2020,12:10,Surface,0,0,1,,FE_PML_20200728_1210_Surface_0_Limno.Sample.20160505
D238,3,FE,Inlet1,7/28/2020,12:10,Surface,0,0,2,,FE_PML_20200728_1210_Surface_0_Limno.Sample.20160505
D239,3,WL,DeepHole,7/28/2020,10:15,PML,0,1.5,1,,WL_DeepHole_20200728_1015_PML_1.5_Limno.Sample.20160505
D240,3,WL,DeepHole,7/28/2020,10:15,PML,0,1.5,2,,WL_DeepHole_20200728_1015_PML_1.5_Limno.Sample.20160505
D241,3,WL,DeepHole,7/28/2020,10:15,Hypo,8,8,1,,WL_DeepHole_20200728_1015_Hypo_8_Limno.Sample.20160505
D242,3,WL,DeepHole,7/28/2020,10:15,Hypo,8,8,2,,WL_DeepHole_20200728_1015_Hypo_8_Limno.Sample.20160505
D243,17,PA,DeepHole,7/29/2020,10:15,PML,0,2.5,1,,PA_DeepHole_20200729_1015_PML_2.5_Limno.Sample.20160505
D244,17,PA,DeepHole,7/29/2020,10:15,PML,0,2.5,2,,PA_DeepHole_20200729_1015_PML_2.5_Limno.Sample.20160505
D245,17,PA,DeepHole,7/29/2020,10:15,Hypo,7,7,1,,PA_DeepHole_20200729_1015_Hypo_7_Limno.Sample.20160505
D246,17,PA,DeepHole,7/29/2020,10:15,Hypo,7,7,2,,PA_DeepHole_20200729_1015_Hypo_7_Limno.Sample.20160505
D247,17,PE,DeepHole,7/29/2020,8:45,PML,0,2,1,,PE_DeepHole_20200729_0845_PML_2_Limno.Sample.20160505
D248,17,PE,DeepHole,7/29/2020,8:45,PML,0,2,2,,PE_DeepHole_20200729_0845_PML_2_Limno.Sample.20160505
D249,17,PE,DeepHole,7/29/2020,8:45,Hypo,10,10,1,,PE_DeepHole_20200729_0845_Hypo_10_Limno.Sample.20160505
D250,17,PE,DeepHole,7/29/2020,8:45,Hypo,10,10,2,,PE_DeepHole_20200729_0845_Hypo_10_Limno.Sample.20160505
D251,17,TU,DeepHole,7/29/2020,11:30,PML,0,1.5,1,,TU_DeepHole_20200729_1130_PML_1.5_Limno.Sample.20160505
D252,17,TU,DeepHole,7/29/2020,11:30,PML,0,1.5,2,,TU_DeepHole_20200729_1130_PML_1.5_Limno.Sample.20160505
D253,17,TU,DeepHole,7/29/2020,11:30,Hypo,6,6,1,,TU_DeepHole_20200729_1130_Hypo_6_Limno.Sample.20160505
D254,17,TU,DeepHole,7/29/2020,11:30,Hypo,6,6,2,,TU_DeepHole_20200729_1130_Hypo_6_Limno.Sample.20160505
D255,15,MO,DeepHole,8/3/2020,8:50,PML,0,1,1,,MO_DeepHole_20200803_0850_PML_1_Limno.Sample.20160505
D256,15,MO,DeepHole,8/3/2020,8:50,PML,0,1,2,,MO_DeepHole_20200803_0850_PML_1_Limno.Sample.20160505
D257,15,MO,DeepHole,8/3/2020,8:50,Hypo,4,4,1,,MO_DeepHole_20200803_0850_Hypo_4_Limno.Sample.20160505
D258,15,MO,DeepHole,8/3/2020,8:50,Hypo,4,4,2,,MO_DeepHole_20200803_0850_Hypo_4_Limno.Sample.20160505
D259,15,MO,Inlet1,8/3/2020,8:50,Surface,0,0,1,,MO_PML_20200803_0850_Surface_0_Limno.Sample.20160505
D260,15,MO,Inlet1,8/3/2020,8:50,Surface,0,0,2,,MO_PML_20200803_0850_Surface_0_Limno.Sample.20160505
D261,15,MO,Inlet2,8/3/2020,8:50,Surface,0,0,1,,MO_PML_20200803_0850_Surface_0_Limno.Sample.20160505
D262,15,MO,Inlet2,8/3/2020,8:50,Surface,0,0,2,,MO_PML_20200803_0850_Surface_0_Limno.Sample.20160505
D263,15,MO,Inlet3,8/3/2020,8:50,Surface,0,0,1,,MO_PML_20200803_0850_Surface_0_Limno.Sample.20160505
D264,15,MO,Inlet3,8/3/2020,8:50,Surface,0,0,2,,MO_PML_20200803_0850_Surface_0_Limno.Sample.20160505
D265,3,FE,DeepHole,8/4/2020,10:45,PML,0,2,1,,FE_DeepHole_20200804_1045_PML_2_Limno.Sample.20160505
D266,3,FE,DeepHole,8/4/2020,10:45,PML,0,2,2,,FE_DeepHole_20200804_1045_PML_2_Limno.Sample.20160505
D267,3,FE,DeepHole,8/4/2020,10:45,Hypo,8,8,1,,FE_DeepHole_20200804_1045_Hypo_8_Limno.Sample.20160505
D268,3,FE,DeepHole,8/4/2020,10:45,Hypo,8,8,2,,FE_DeepHole_20200804_1045_Hypo_8_Limno.Sample.20160505
D269,3,FE,Inlet1,8/4/2020,10:45,Surface,0,0,1,,FE_PML_20200804_1045_Surface_0_Limno.Sample.20160505
D270,3,FE,Inlet1,8/4/2020,10:45,Surface,0,0,2,,FE_PML_20200804_1045_Surface_0_Limno.Sample.20160505
D271,3,WL,DeepHole,8/4/2020,8:45,PML,0,2.5,1,,WL_DeepHole_20200804_0845_PML_2.5_Limno.Sample.20160505
D272,3,WL,DeepHole,8/4/2020,8:45,PML,0,2.5,2,,WL_DeepHole_20200804_0845_PML_2.5_Limno.Sample.20160505
D273,3,WL,DeepHole,8/4/2020,8:45,Hypo,8,8,1,,WL_DeepHole_20200804_0845_Hypo_8_Limno.Sample.20160505
D274,3,WL,DeepHole,8/4/2020,8:45,Hypo,8,8,2,,WL_DeepHole_20200804_0845_Hypo_8_Limno.Sample.20160505
D275,15,HB,DeepHole,8/5/2020,8:55,PML,0,1,1,,HB_DeepHole_20200805_0855_PML_1_Limno.Sample.20160505
D276,15,HB,DeepHole,8/5/2020,8:55,PML,0,1,2,,HB_DeepHole_20200805_0855_PML_1_Limno.Sample.20160505
D277,15,HB,DeepHole,8/5/2020,8:55,Hypo,4,4,1,,HB_DeepHole_20200805_0855_Hypo_4_Limno.Sample.20160505
D278,15,HB,DeepHole,8/5/2020,8:55,Hypo,4,4,2,,HB_DeepHole_20200805_0855_Hypo_4_Limno.Sample.20160505
D279,15,HB,Outlet,8/5/2020,8:55,Surface,0,0,1,,HB_PML_20200805_0855_Surface_0_Limno.Sample.20160505
D280,15,HB,Outlet,8/5/2020,8:55,Surface,0,0,2,,HB_PML_20200805_0855_Surface_0_Limno.Sample.20160505
D281,15,CR,DeepHole,8/6/2020,9:22,PML,0,3.5,1,,CR_DeepHole_20200806_0922_PML_3.5_Limno.Sample.20160505
D282,15,CR,DeepHole,8/6/2020,9:22,PML,0,3.5,2,,CR_DeepHole_20200806_0922_PML_3.5_Limno.Sample.20160505
D283,15,CR,DeepHole,8/6/2020,9:22,Hypo,8,8,1,,CR_DeepHole_20200806_0922_Hypo_8_Limno.Sample.20160505
D284,15,CR,DeepHole,8/6/2020,9:22,Hypo,8,8,2,,CR_DeepHole_20200806_0922_Hypo_8_Limno.Sample.20160505
D285,15,CR,Outlet,8/6/2020,9:22,Surface,0,0,1,,CR_PML_20200806_0922_Surface_0_Limno.Sample.20160505
D286,15,CR,Outlet,8/6/2020,9:22,Surface,0,0,2,,CR_PML_20200806_0922_Surface_0_Limno.Sample.20160505
D287,3,FE,DeepHole,8/11/2020,10:45,PML,0,1,1,,FE_DeepHole_20200811_1045_PML_1_Limno.Sample.20160505
D288,3,FE,DeepHole,8/11/2020,10:45,PML,0,1,2,,FE_DeepHole_20200811_1045_PML_1_Limno.Sample.20160505
D289,3,FE,DeepHole,8/11/2020,10:45,Hypo,8,8,1,,FE_DeepHole_20200811_1045_Hypo_8_Limno.Sample.20160505
D290,3,FE,DeepHole,8/11/2020,10:45,Hypo,8,8,2,,FE_DeepHole_20200811_1045_Hypo_8_Limno.Sample.20160505
D291,3,FE,Inlet1,8/11/2020,10:45,Surface,0,0,1,,FE_PML_20200811_1045_Surface_0_Limno.Sample.20160505
D292,3,FE,Inlet1,8/11/2020,10:45,Surface,0,0,2,,FE_PML_20200811_1045_Surface_0_Limno.Sample.20160505
D293,3,WL,DeepHole,8/11/2020,9:48,PML,0,1.5,1,,WL_DeepHole_20200811_0948_PML_1.5_Limno.Sample.20160505
D294,3,WL,DeepHole,8/11/2020,9:48,PML,0,1.5,2,,WL_DeepHole_20200811_0948_PML_1.5_Limno.Sample.20160505
D295,3,WL,DeepHole,8/11/2020,9:48,Hypo,8,8,1,,WL_DeepHole_20200811_0948_Hypo_8_Limno.Sample.20160505
D296,3,WL,DeepHole,8/11/2020,9:48,Hypo,8,8,2,,WL_DeepHole_20200811_0948_Hypo_8_Limno.Sample.20160505
D297,17,BO,DeepHole,8/12/2020,10:55,PML,0,0,1,,BO_DeepHole_20200812_1055_PML_0_Limno.Sample.20160505
D298,17,BO,DeepHole,8/12/2020,10:55,PML,0,0,2,,BO_DeepHole_20200812_1055_PML_0_Limno.Sample.20160505
D299,17,BO,DeepHole,8/12/2020,10:55,Hypo,2,2,1,,BO_DeepHole_20200812_1055_Hypo_2_Limno.Sample.20160505
D300,17,BO,DeepHole,8/12/2020,10:55,Hypo,2,2,2,,BO_DeepHole_20200812_1055_Hypo_2_Limno.Sample.20160505
D301,17,CB,DeepHole,8/12/2020,9:15,PML,0,0.5,1,,CB_DeepHole_20200812_0915_PML_0.5_Limno.Sample.20160505
D302,17,CB,DeepHole,8/12/2020,9:15,PML,0,0.5,2,,CB_DeepHole_20200812_0915_PML_0.5_Limno.Sample.20160505
D303,17,CB,DeepHole,8/12/2020,9:15,Hypo,3,3,1,,CB_DeepHole_20200812_0915_Hypo_3_Limno.Sample.20160505
D304,17,CB,DeepHole,8/12/2020,9:15,Hypo,3,3,2,,CB_DeepHole_20200812_0915_Hypo_3_Limno.Sample.20160505
D305,17,NG,DeepHole,8/14/2020,10:00,PML,0,0,1,,NG_DeepHole_20200814_1000_PML_0_Limno.Sample.20160505
D306,17,NG,DeepHole,8/14/2020,10:00,PML,0,0,2,,NG_DeepHole_20200814_1000_PML_0_Limno.Sample.20160505
D307,17,NG,DeepHole,8/14/2020,10:00,Hypo,3.5,3.5,1,,NG_DeepHole_20200814_1000_Hypo_3.5_Limno.Sample.20160505
D308,17,NG,DeepHole,8/14/2020,10:00,Hypo,3.5,3.5,2,,NG_DeepHole_20200814_1000_Hypo_3.5_Limno.Sample.20160505
D309,17,WA,DeepHole,8/14/2020,11:15,PML,0,0.5,1,,WA_DeepHole_20200814_1115_PML_0.5_Limno.Sample.20160505
D310,17,WA,DeepHole,8/14/2020,11:15,PML,0,0.5,2,,WA_DeepHole_20200814_1115_PML_0.5_Limno.Sample.20160505
D311,17,WA,DeepHole,8/14/2020,11:15,Hypo,4,4,1,,WA_DeepHole_20200814_1115_Hypo_4_Limno.Sample.20160505
D312,17,WA,DeepHole,8/14/2020,11:15,Hypo,4,4,2,,WA_DeepHole_20200814_1115_Hypo_4_Limno.Sample.20160505
D313,15,CR,DeepHole,8/17/2020,9:30,PML,0,3,1,,CR_DeepHole_20200817_0930_PML_3_Limno.Sample.20160505
D314,15,CR,DeepHole,8/17/2020,9:30,PML,0,3,2,,CR_DeepHole_20200817_0930_PML_3_Limno.Sample.20160505
D315,15,CR,DeepHole,8/17/2020,9:30,Hypo,8,8,1,,CR_DeepHole_20200817_0930_Hypo_8_Limno.Sample.20160505
D316,15,CR,DeepHole,8/17/2020,9:30,Hypo,8,8,2,,CR_DeepHole_20200817_0930_Hypo_8_Limno.Sample.20160505
D317,15,CR,Outlet,8/17/2020,9:30,Surface,0,0,1,,CR_PML_20200817_0930_Surface_0_Limno.Sample.20160505
D318,15,CR,Outlet,8/17/2020,9:30,Surface,0,0,2,,CR_PML_20200817_0930_Surface_0_Limno.Sample.20160505
D319,15,HB,DeepHole,8/18/2020,9:50,PML,0,0.5,1,,HB_DeepHole_20200818_0950_PML_0.5_Limno.Sample.20160505
D320,15,HB,DeepHole,8/18/2020,9:50,PML,0,0.5,2,,HB_DeepHole_20200818_0950_PML_0.5_Limno.Sample.20160505
D321,15,HB,DeepHole,8/18/2020,9:50,Hypo,4,4,1,,HB_DeepHole_20200818_0950_Hypo_4_Limno.Sample.20160505
D322,15,HB,DeepHole,8/18/2020,9:50,Hypo,4,4,2,,HB_DeepHole_20200818_0950_Hypo_4_Limno.Sample.20160505
D323,15,HB,Outlet,8/18/2020,9:50,Surface,0,0,1,,HB_PML_20200818_0950_Surface_0_Limno.Sample.20160505
D324,15,HB,Outlet,8/18/2020,9:50,Surface,0,0,2,,HB_PML_20200818_0950_Surface_0_Limno.Sample.20160505
D325,15,MO,DeepHole,8/19/2020,10:15,PML,0,1.5,1,,MO_DeepHole_20200819_1015_PML_1.5_Limno.Sample.20160505
D326,15,MO,DeepHole,8/19/2020,10:15,PML,0,1.5,2,,MO_DeepHole_20200819_1015_PML_1.5_Limno.Sample.20160505
D327,15,MO,DeepHole,8/19/2020,10:15,Hypo,4.5,4.5,1,,MO_DeepHole_20200819_1015_Hypo_4.5_Limno.Sample.20160505
D328,15,MO,DeepHole,8/19/2020,10:15,Hypo,4.5,4.5,2,,MO_DeepHole_20200819_1015_Hypo_4.5_Limno.Sample.20160505
D329,15,MO,Inlet1,8/19/2020,10:15,Surface,0,0,1,,MO_PML_20200819_1015_Surface_0_Limno.Sample.20160505
D330,15,MO,Inlet1,8/19/2020,10:15,Surface,0,0,2,,MO_PML_20200819_1015_Surface_0_Limno.Sample.20160505
D331,15,MO,Inlet2,8/19/2020,10:15,Surface,0,0,1,,MO_PML_20200819_1015_Surface_0_Limno.Sample.20160505
D332,15,MO,Inlet2,8/19/2020,10:15,Surface,0,0,2,,MO_PML_20200819_1015_Surface_0_Limno.Sample.20160505
D333,3,FE,DeepHole,8/20/2020,11:32,PML,0,1.5,1,,FE_DeepHole_20200820_1132_PML_1.5_Limno.Sample.20160505
D334,3,FE,DeepHole,8/20/2020,11:32,PML,0,1.5,2,,FE_DeepHole_20200820_1132_PML_1.5_Limno.Sample.20160505
D335,3,FE,DeepHole,8/20/2020,11:32,Hypo,8,8,1,,FE_DeepHole_20200820_1132_Hypo_8_Limno.Sample.20160505
D336,3,FE,DeepHole,8/20/2020,11:32,Hypo,8,8,2,,FE_DeepHole_20200820_1132_Hypo_8_Limno.Sample.20160505
D337,3,FE,Inlet1,8/20/2020,11:32,Surface,0,0,1,,FE_PML_20200820_1132_Surface_0_Limno.Sample.20160505
D338,3,FE,Inlet1,8/20/2020,11:32,Surface,0,0,2,,FE_PML_20200820_1132_Surface_0_Limno.Sample.20160505
D339,17,ME,DeepHole,8/20/2020,10:54,PML,0,2,1,,ME_DeepHole_20200820_1054_PML_2_Limno.Sample.20160505
D340,17,ME,DeepHole,8/20/2020,10:54,PML,0,2,2,,ME_DeepHole_20200820_1054_PML_2_Limno.Sample.20160505
D341,17,ME,DeepHole,8/20/2020,10:54,Hypo,3.5,3.5,1,,ME_DeepHole_20200820_1054_Hypo_3.5_Limno.Sample.20160505
D342,17,ME,DeepHole,8/20/2020,10:54,Hypo,3.5,3.5,2,,ME_DeepHole_20200820_1054_Hypo_3.5_Limno.Sample.20160505
D343,17,ME,Outlet,8/20/2020,10:54,Surface,0,0,1,,ME_PML_20200820_1054_Surface_0_Limno.Sample.20160505
D344,17,ME,Outlet,8/20/2020,10:54,Surface,0,0,2,,ME_PML_20200820_1054_Surface_0_Limno.Sample.20160505
D345,3,WL,DeepHole,8/20/2020,9:10,PML,0,2,1,,WL_DeepHole_20200820_0910_PML_2_Limno.Sample.20160505
D346,3,WL,DeepHole,8/20/2020,9:10,PML,0,2,2,,WL_DeepHole_20200820_0910_PML_2_Limno.Sample.20160505
D347,3,WL,DeepHole,8/20/2020,9:10,Hypo,8,8,1,,WL_DeepHole_20200820_0910_Hypo_8_Limno.Sample.20160505
D348,3,WL,DeepHole,8/20/2020,9:10,Hypo,8,8,2,,WL_DeepHole_20200820_0910_Hypo_8_Limno.Sample.20160505
D349,35,NH,DeepHole,8/24/2020,10:50,PML,0,2,1,,NH_DeepHole_20200824_1050_PML_2_Limno.Sample.20160505
D350,35,NH,DeepHole,8/24/2020,10:50,PML,0,2,2,,NH_DeepHole_20200824_1050_PML_2_Limno.Sample.20160505
D351,35,NH,DeepHole,8/24/2020,10:50,Hypo,3,3,1,,NH_DeepHole_20200824_1050_Hypo_3_Limno.Sample.20160505
D352,35,NH,DeepHole,8/24/2020,10:50,Hypo,3,3,2,,NH_DeepHole_20200824_1050_Hypo_3_Limno.Sample.20160505
D353,35,SE,DeepHole,8/24/2020,11:55,PML,0,5,1,,SE_DeepHole_20200824_1155_PML_5_Limno.Sample.20160505
D354,35,SE,DeepHole,8/24/2020,11:55,PML,0,5,2,,SE_DeepHole_20200824_1155_PML_5_Limno.Sample.20160505
D355,35,SE,DeepHole,8/24/2020,11:55,Hypo,5.5,5.5,1,,SE_DeepHole_20200824_1155_Hypo_5.5_Limno.Sample.20160505
D356,35,SE,DeepHole,8/24/2020,11:55,Hypo,5.5,5.5,2,,SE_DeepHole_20200824_1155_Hypo_5.5_Limno.Sample.20160505
D357,35,BH,DeepHole,8/25/2020,9:50,PML,0,5,1,,BH_DeepHole_20200825_0950_PML_5_Limno.Sample.20160505
D358,35,BH,DeepHole,8/25/2020,9:50,PML,0,5,2,,BH_DeepHole_20200825_0950_PML_5_Limno.Sample.20160505
D359,35,BH,DeepHole,8/25/2020,9:50,Hypo,10,10,1,,BH_DeepHole_20200825_0950_Hypo_10_Limno.Sample.20160505
D360,35,BH,DeepHole,8/25/2020,9:50,Hypo,10,10,2,,BH_DeepHole_20200825_0950_Hypo_10_Limno.Sample.20160505
D361,35,HH,DeepHole,8/25/2020,11:10,PML,0,4,1,,HH_DeepHole_20200825_1110_PML_4_Limno.Sample.20160505
D362,35,HH,DeepHole,8/25/2020,11:10,PML,0,4,2,,HH_DeepHole_20200825_1110_PML_4_Limno.Sample.20160505
D363,35,HH,DeepHole,8/25/2020,11:10,Hypo,5.5,5.5,1,,HH_DeepHole_20200825_1110_Hypo_5.5_Limno.Sample.20160505
D364,35,HH,DeepHole,8/25/2020,11:10,Hypo,5.5,5.5,2,,HH_DeepHole_20200825_1110_Hypo_5.5_Limno.Sample.20160505
D365,35,MI,DeepHole,8/26/2020,10:25,PML,0,0.5,1,,MI_DeepHole_20200826_1025_PML_0.5_Limno.Sample.20160505
D366,35,MI,DeepHole,8/26/2020,10:25,PML,0,0.5,2,,MI_DeepHole_20200826_1025_PML_0.5_Limno.Sample.20160505
D367,35,MI,DeepHole,8/26/2020,10:25,Hypo,9,9,1,,MI_DeepHole_20200826_1025_Hypo_9_Limno.Sample.20160505
D368,35,MI,DeepHole,8/26/2020,10:25,Hypo,9,9,2,,MI_DeepHole_20200826_1025_Hypo_9_Limno.Sample.20160505
D369,35,TR,DeepHole,8/26/2020,9:15,PML,0,0.5,1,,TR_DeepHole_20200826_0915_PML_0.5_Limno.Sample.20160505
D370,35,TR,DeepHole,8/26/2020,9:15,PML,0,0.5,2,,TR_DeepHole_20200826_0915_PML_0.5_Limno.Sample.20160505
D371,35,TR,DeepHole,8/26/2020,9:15,Hypo,5,5,1,,TR_DeepHole_20200826_0915_Hypo_5_Limno.Sample.20160505
D372,35,TR,DeepHole,8/26/2020,9:15,Hypo,5,5,2,,TR_DeepHole_20200826_0915_Hypo_5_Limno.Sample.20160505
D373,35,WL,DeepHole,8/26/2020,11:37,PML,0,1.5,1,,WL_DeepHole_20200826_1137_PML_1.5_Limno.Sample.20160505
D374,35,WL,DeepHole,8/26/2020,11:37,PML,0,1.5,2,,WL_DeepHole_20200826_1137_PML_1.5_Limno.Sample.20160505
D375,35,WL,DeepHole,8/26/2020,11:37,Hypo,8,8,1,,WL_DeepHole_20200826_1137_Hypo_8_Limno.Sample.20160505
D376,35,WL,DeepHole,8/26/2020,11:37,Hypo,8,8,2,,WL_DeepHole_20200826_1137_Hypo_8_Limno.Sample.20160505
D377,35,CYB,DeepHole,8/27/2020,10:15,PML,0,0.5,1,,CYB_DeepHole_20200827_1015_PML_0.5_Limno.Sample.20160505
D378,35,CYB,DeepHole,8/27/2020,10:15,PML,0,0.5,2,,CYB_DeepHole_20200827_1015_PML_0.5_Limno.Sample.20160505
D379,35,CYB,DeepHole,8/27/2020,10:15,Hypo,2,2,1,,CYB_DeepHole_20200827_1015_Hypo_2_Limno.Sample.20160505
D380,35,CYB,DeepHole,8/27/2020,10:15,Hypo,2,2,2,,CYB_DeepHole_20200827_1015_Hypo_2_Limno.Sample.20160505
D381,35,TB,DeepHole,8/27/2020,11:15,PML,0,0.5,1,,TB_DeepHole_20200827_1115_PML_0.5_Limno.Sample.20160505
D382,35,TB,DeepHole,8/27/2020,11:15,PML,0,0.5,2,,TB_DeepHole_20200827_1115_PML_0.5_Limno.Sample.20160505
D383,35,TB,DeepHole,8/27/2020,11:15,Hypo,3.5,3.5,1,,TB_DeepHole_20200827_1115_Hypo_3.5_Limno.Sample.20160505
D384,35,TB,DeepHole,8/27/2020,11:15,Hypo,3.5,3.5,2,,TB_DeepHole_20200827_1115_Hypo_3.5_Limno.Sample.20160505
D385,41,JO,DeepHole,9/1/2020,8:55,PML,0,3,1,,JO_DeepHole_20200901_0855_PML_3_Limno.Sample.20160505
D386,41,JO,DeepHole,9/1/2020,8:55,PML,0,3,2,,JO_DeepHole_20200901_0855_PML_3_Limno.Sample.20160505
D387,41,JO,DeepHole,9/1/2020,8:55,Hypo,4.5,4.5,1,,JO_DeepHole_20200901_0855_Hypo_4.5_Limno.Sample.20160505
D388,41,JO,DeepHole,9/1/2020,8:55,Hypo,4.5,4.5,2,,JO_DeepHole_20200901_0855_Hypo_4.5_Limno.Sample.20160505
