"projectID","sampleID","lakeID","siteName","dateSample","dateTimeSample","depthClass","depthTop","depthBottom","filterVol","sampleType","sampleAmount","POC","PON","metadataID","comments","flag","updateID"
3,"WL_DeepHole_20190513_925_Hypo_8_Limno.Sample.20160505","WL","DeepHole","2019-05-13","2019-05-13 9:25","Hypo",8,8,140,"filter",NA,1.114,0.129,NA,NA,NA,NA
34,"PA_DeepHole_20190515_845_PML_1_Limno.Sample.20160505","PA","DeepHole","2019-05-15","2019-05-15 8:45","PML",0,1,140,"filter",NA,0.586,0.086,NA,NA,NA,NA
17,"TU_DeepHole_20190725_840_PML_2_Limno.Sample.20160505","TU","DeepHole","2019-07-25","2019-07-25 8:40","PML",0,2,140,"filter",NA,1.079,0.136,NA,NA,NA,NA
34,"PA_DeepHole_20190725_838_PML_2.5_Limno.Sample.20160505","PA","DeepHole","2019-07-25","2019-07-25 8:38","PML",0,2.5,140,"filter",NA,0.6,0.057,NA,NA,NA,NA
34,"PA_DeepHole_20190725_838_Hypo_7.5_Limno.Sample.20160505","PA","DeepHole","2019-07-25","2019-07-25 8:38","Hypo",7.5,7.5,140,"filter",NA,1.086,0.129,NA,NA,NA,NA
34,"PE_DeepHole_20190725_1018_PML_2_Limno.Sample.20160505","PE","DeepHole","2019-07-25","2019-07-25 10:18","PML",0,2,140,"filter",NA,1.021,0.15,NA,NA,NA,NA
34,"PE_DeepHole_20190725_1018_Hypo_9_Limno.Sample.20160505","PE","DeepHole","2019-07-25","2019-07-25 10:18","Hypo",9,9,140,"filter",NA,0.864,0.114,NA,NA,NA,NA
3,"ME_Outlet_20190730_1041_Surface_0_Limno.Sample.20160505","ME","Outlet","2019-07-30","2019-07-30 10:41","Surface",0,0,140,"filter",NA,0.65,0.086,NA,NA,NA,NA
34,"PA_DeepHole_20190815_825_PML_3.5_Limno.Sample.20160505","PA","DeepHole","2019-08-15","2019-08-15 8:25","PML",0,3.5,140,"filter",NA,0.829,0.071,NA,NA,NA,NA
34,"PA_DeepHole_20190815_825_Hypo_8_Limno.Sample.20160505","PA","DeepHole","2019-08-15","2019-08-15 8:25","Hypo",8,8,140,"filter",NA,1,0.121,NA,NA,NA,NA
34,"PE_DeepHole_20190815_935_PML_2.5_Limno.Sample.20160505","PE","DeepHole","2019-08-15","2019-08-15 9:35","PML",0,2.5,140,"filter",NA,0.564,0.079,NA,NA,NA,NA
34,"PE_DeepHole_20190815_935_Hypo_10_Limno.Sample.20160505","PE","DeepHole","2019-08-15","2019-08-15 9:35","Hypo",10,10,140,"filter",NA,0.979,0.136,NA,NA,NA,NA
3,"WL_DeepHole_20190820_840_PML_2.5_Limno.Sample.20160505","WL","DeepHole","2019-08-20","2019-08-20 8:40","PML",0,2.5,140,"filter",NA,0.507,0.086,NA,NA,NA,NA
3,"WL_DeepHole_20190820_840_Hypo_8_Limno.Sample.20160505","WL","DeepHole","2019-08-20","2019-08-20 8:40","Hypo",8,8,140,"filter",NA,1.636,0.157,NA,NA,NA,NA
34,"PA_DeepHole_20190829_855_PML_3.5_Limno.Sample.20160505","PA","DeepHole","2019-08-29","2019-08-29 8:55","PML",0,3.5,140,"filter",NA,0.636,0.071,NA,NA,NA,NA
34,"PA_DeepHole_20190829_855_Hypo_7.5_Limno.Sample.20160505","PA","DeepHole","2019-08-29","2019-08-29 8:55","Hypo",7.5,7.5,60,"filter",NA,2.617,0.35,NA,NA,NA,NA
34,"PE_DeepHole_20190829_1110_PML_3_Limno.Sample.20160505","PE","DeepHole","2019-08-29","2019-08-29 11:10","PML",0,3,140,"filter",NA,0.593,0.079,NA,NA,NA,NA
34,"PE_DeepHole_20190829_1110_Hypo_9_Limno.Sample.20160505","PE","DeepHole","2019-08-29","2019-08-29 11:10","Hypo",9,9,140,"filter",NA,0.886,0.129,NA,NA,NA,NA
37,"DS_DeepHole_20190830_950_Surface_0_fishScapesLimno.20190319","DS","DeepHole","2019-08-30","2019-08-30 9:50","Surface",0,0,120,"filter",NA,1.15,0.133,NA,NA,NA,NA
3,"FE_Inlet1_20191006_1040_Surface_0_Limno.Sample.20160505","FE","Inlet1","2019-10-06","2019-10-06 10:40","Surface",0,0,140,"filter",NA,0.393,0.029,NA,NA,NA,NA
15,"HB_DeepHole_20191006_1047_PML_4_Limno.Sample.20160505","HB","DeepHole","2019-10-06","2019-10-06 10:47","PML",0,4,140,"filter",NA,0.679,0.1,NA,NA,NA,NA
15,"HB_DeepHole_20191006_1047_Hypo_8_Limno.Sample.20160505","HB","DeepHole","2019-10-06","2019-10-06 10:47","Hypo",8,8,140,"filter",NA,0.621,0.086,NA,NA,NA,NA
33,"HB_DeepHole_20190531_1150_PML_0.75_Limno.Sample.20160505","HB","DeepHole","2019-05-31","2019-05-31 11:50","PML",0,0.75,140,"filter",NA,0.543,0.057,NA,NA,NA,NA
15,"MO_Inlet3_20190603_1010_Surface_0_Limno.Sample.20160505","MO","Inlet3","2019-06-03","2019-06-03 10:10","Surface",0,0,140,"filter",NA,1.807,0.15,NA,NA,NA,NA
3,"FE_DeepHole_20190604_1011_PML_1.5_Limno.Sample.20160505","FE","DeepHole","2019-06-04","2019-06-04 10:11","PML",0,1.5,140,"filter",NA,0.843,0.114,NA,NA,NA,NA
3,"FE_DeepHole_20190604_1011_Hypo_8_Limno.Sample.20160505","FE","DeepHole","2019-06-04","2019-06-04 10:11","Hypo",8,8,140,"filter",NA,0.843,0.093,NA,NA,NA,NA
3,"FE_Inlet1_20190604_1011_Surface_0_Limno.Sample.20160505","FE","Inlet1","2019-06-04","2019-06-04 10:11","Surface",0,0,140,"filter",NA,0.393,0.029,NA,NA,NA,NA
15,"HB_DeepHole_20190607_1112_PML_0.5_Limno.Sample.20160505","HB","DeepHole","2019-06-07","2019-06-07 11:12","PML",0,0.5,140,"filter",NA,0.821,0.1,NA,NA,NA,NA
15,"HB_DeepHole_20190607_1112_Hypo_4_Limno.Sample.20160505","HB","DeepHole","2019-06-07","2019-06-07 11:12","Hypo",4,4,140,"filter",NA,0.907,0.121,NA,NA,NA,NA
15,"HB_Outlet_20190607_1112_Surface_0_Limno.Sample.20160505","HB","Outlet","2019-06-07","2019-06-07 11:12","Surface",0,0,140,"filter",NA,0.95,0.093,NA,NA,NA,NA
15,"BO_DeepHole_20190610_1105_PML_0.5_Limno.Sample.20160505","BO","DeepHole","2019-06-10","2019-06-10 11:05","PML",0,0.5,140,"filter",NA,0.664,0.086,NA,NA,NA,NA
15,"BO_DeepHole_20190610_1105_Hypo_2.5_Limno.Sample.20160505","BO","DeepHole","2019-06-10","2019-06-10 11:05","Hypo",2.5,2.5,140,"filter",NA,2.5,0.364,NA,NA,NA,NA
15,"NG_DeepHole_20190610_858_PML_0.5_Limno.Sample.20160505","NG","DeepHole","2019-06-10","2019-06-10 8:58","PML",0,0.5,140,"filter",NA,1.014,0.15,NA,NA,NA,NA
15,"NG_DeepHole_20190610_858_Hypo_3.5_Limno.Sample.20160505","NG","DeepHole","2019-06-10","2019-06-10 8:58","Hypo",3.5,3.5,140,"filter",NA,0.864,0.107,NA,NA,NA,NA
3,"FE_DeepHole_20190611_1058_PML_1_Limno.Sample.20160505","FE","DeepHole","2019-06-11","2019-06-11 10:58","PML",0,1,140,"filter",NA,0.764,0.114,NA,NA,NA,NA
3,"FE_DeepHole_20190611_1058_Hypo_8_Limno.Sample.20160505","FE","DeepHole","2019-06-11","2019-06-11 10:58","Hypo",8,8,140,"filter",NA,0.821,0.093,NA,NA,NA,NA
17,"MO_Inlet2_20190703_1040_Surface_0_Limno.Sample.20160505","MO","Inlet2","2019-07-03","2019-07-03 10:40","Surface",0,0,140,"filter",NA,0.756,0.095,NA,NA,NA,NA
15,"PA_DeepHole_20190522_1050_PML_3_Limno.Sample.20160505","PA","DeepHole","2019-05-22","2019-05-22 10:50","PML",0,3,140,"filter",NA,0.463,0.065,NA,NA,NA,NA
37,"ER_DeepHole_20190823_1130_Surface_0_fishScapesLimno.20190319","ER","DeepHole","2019-08-23","2019-08-23 11:30","Surface",0,0,140,"filter",NA,0.714,0.152,NA,NA,NA,NA
15,"CR_Outlet_20191006_845_Surface_0_Limno.Sample.20160505","CR","Outlet","2019-10-06","2019-10-06 8:45","Surface",0,0,140,"filter",NA,0.576,0.08,NA,NA,NA,NA
3,"FE_DeepHole_20191006_1040_PML_4_Limno.Sample.20160505","FE","DeepHole","2019-10-06","2019-10-06 10:40","PML",0,4,140,"filter",NA,0.359,0.068,NA,NA,NA,NA
3,"FE_DeepHole_20191006_1040_Hypo_8_Limno.Sample.20160505","FE","DeepHole","2019-10-06","2019-10-06 10:40","Hypo",8,8,140,"filter",NA,0.575,0.085,NA,NA,NA,NA
33,"HB_DeepHole_20190531_1150_Hypo_3.5_Limno.Sample.20160505","HB","DeepHole","2019-05-31","2019-05-31 11:50","Hypo",3.5,3.5,140,"filter",NA,0.834,0.143,NA,NA,NA,NA
15,"MO_DeepHole_20190603_1010_PML_1_Limno.Sample.20160505","MO","DeepHole","2019-06-03","2019-06-03 10:10","PML",0,1,140,"filter",NA,1.086,0.131,NA,NA,NA,NA
15,"MO_DeepHole_20190603_1010_Hypo_6.5_Limno.Sample.20160505","MO","DeepHole","2019-06-03","2019-06-03 10:10","Hypo",6.5,6.5,140,"filter",NA,2.567,0.337,NA,NA,NA,NA
15,"MO_Outlet_20190603_1010_Surface_0_Limno.Sample.20160505","MO","Outlet","2019-06-03","2019-06-03 10:10","Surface",0,0,140,"filter",NA,0.819,0.098,NA,NA,NA,NA
17,"CR_DeepHole_20190620_934_PML_3_Limno.Sample.20160505","CR","DeepHole","2019-06-20","2019-06-20 9:34","PML",0,3,140,"filter",NA,0.902,0.083,NA,NA,NA,NA
17,"CR_DeepHole_20190620_934_Hypo_11_Limno.Sample.20160505","CR","DeepHole","2019-06-20","2019-06-20 9:34","Hypo",0.34,11,140,"filter",NA,0.942,0.083,NA,NA,NA,NA
17,"CR_Outlet_20190620_934_Surface_0_Limno.Sample.20160505","CR","Outlet","2019-06-20","2019-06-20 9:34","Surface",0,0,140,"filter",NA,1.507,0.133,NA,NA,NA,NA
34,"PA_DeepHole_20190620_838_PML_2_Limno.Sample.20160505","PA","DeepHole","2019-06-20","2019-06-20 8:38","PML",0,2,140,"filter",NA,0.736,0.052,NA,NA,NA,NA
34,"PA_DeepHole_20190620_838_Hypo_8_Limno.Sample.20160505","PA","DeepHole","2019-06-20","2019-06-20 8:38","Hypo",8,8,140,"filter",NA,1.53,0.164,NA,NA,NA,NA
34,"PE_DeepHole_20190620_1000_PML_1_Limno.Sample.20160505","PE","DeepHole","2019-06-20","2019-06-20 10:00","PML",0,1,140,"filter",NA,0.797,0.074,NA,NA,NA,NA
34,"PE_DeepHole_20190620_1000_Hypo_9_Limno.Sample.20160505","PE","DeepHole","2019-06-20","2019-06-20 10:00","Hypo",9,9,140,"filter",NA,1.377,0.137,NA,NA,NA,NA
17,"HB_DeepHole_20190621_940_PML_0.5_Limno.Sample.20160505","HB","DeepHole","2019-06-21","2019-06-21 9:40","PML",0,0.5,140,"filter",NA,0.978,0.078,NA,NA,NA,NA
17,"HB_Outlet_20190621_940_Surface_0_Limno.Sample.20160505","HB","Outlet","2019-06-21","2019-06-21 9:40","Surface",0,0,140,"filter",NA,1.017,0.082,NA,NA,NA,NA
17,"ME_DeepHole_20190703_847_PML_1.5_Limno.Sample.20160505","ME","DeepHole","2019-07-03","2019-07-03 8:47","PML",0,1.5,140,"filter",NA,0.738,0.077,NA,NA,NA,NA
17,"ME_DeepHole_20190703_847_Hypo_3_Limno.Sample.20160505","ME","DeepHole","2019-07-03","2019-07-03 8:47","Hypo",3,3,140,"filter",NA,0.886,0.091,NA,NA,NA,NA
17,"MO_DeepHole_20190703_1040_PML_1_Limno.Sample.20160505","MO","DeepHole","2019-07-03","2019-07-03 10:40","PML",0,1,140,"filter",NA,1.954,0.119,NA,NA,NA,NA
17,"MO_Inlet3_20190703_1040_Surface_0_Limno.Sample.20160505","MO","Inlet3","2019-07-03","2019-07-03 10:40","Surface",0,0,140,"filter",NA,1.943,0.165,NA,NA,NA,NA
34,"PE_DeepHole_20190801_948_PML_2_Limno.Sample.20160505","PE","DeepHole","2019-08-01","2019-08-01 9:48","PML",0,2,140,"filter",NA,1.802,0.293,NA,NA,NA,NA
3,"WL_DeepHole_20190813_847_Hypo_8_Limno.Sample.20160505","WL","DeepHole","2019-08-13","2019-08-13 8:47","Hypo",8,8,140,"filter",NA,0.747,0.119,NA,NA,NA,NA
15,"CR_DeepHole_20190814_1150_PML_4_Limno.Sample.20160505","CR","DeepHole","2019-08-14","2019-08-14 11:50","PML",0,4,140,"filter",NA,0.896,0.082,NA,NA,NA,NA
15,"CR_DeepHole_20190814_1150_Hypo_8_Limno.Sample.20160505","CR","DeepHole","2019-08-14","2019-08-14 11:50","Hypo",8,8,140,"filter",NA,0.757,0.071,NA,NA,NA,NA
15,"CR_Outlet_20190814_1150_Surface_0_Limno.Sample.20160505","CR","Outlet","2019-08-14","2019-08-14 11:50","Surface",0,0,140,"filter",NA,4.426,0.393,NA,NA,NA,NA
37,"PN_DeepHole_20190818_1245_Surface_0_fishScapesLimno.20190319","PN","DeepHole","2019-08-18","2019-08-18 12:45","Surface",0,0,140,"filter",NA,1.257,0.157,NA,NA,NA,NA
37,"PT_DeepHole_20190819_1235_Surface_0_fishScapesLimno.20190319","PT","DeepHole","2019-08-19","2019-08-19 12:35","Surface",0,0,140,"filter",NA,0.993,0.104,NA,NA,NA,NA
37,"WB_DeepHole_20190819_1330_Surface_0_fishScapesLimno.20190319","WB","DeepHole","2019-08-19","2019-08-19 13:30","Surface",0,0,140,"filter",NA,0.942,0.391,NA,NA,NA,NA
37,"AQ_DeepHole_20190823_1330_Surface_0_fishScapesLimno.20190319","AQ","DeepHole","2019-08-23","2019-08-23 13:30","Surface",0,0,140,"filter",NA,1.019,0.098,NA,NA,NA,NA
3,"FE_DeepHole_20190513_1020_PML_0.5_Limno.Sample.20160505","FE","DeepHole","2019-05-13","2019-05-13 10:20","PML",0,0.5,100,"filter",NA,1.412,0.156,NA,NA,NA,NA
15,"PA_DeepHole_20190605_930_Hypo_6.5_Limno.Sample.20160505","PA","DeepHole","2019-06-05","2019-06-05 9:30","Hypo",6.5,6.5,140,"filter",NA,1.682,0.19,NA,NA,NA,NA
15,"PE_DeepHole_20190605_830_PML_1_Limno.Sample.20160505","PE","DeepHole","2019-06-05","2019-06-05 8:30","PML",0,1,140,"filter",NA,0.921,0.083,NA,NA,NA,NA
15,"PE_DeepHole_20190605_830_Hypo_9_Limno.Sample.20160505","PE","DeepHole","2019-06-05","2019-06-05 8:30","Hypo",9,9,140,"filter",NA,1.065,0.12,NA,NA,NA,NA
3,"ME_DeepHole_20190606_931_PML_1_Limno.Sample.20160505","ME","DeepHole","2019-06-06","2019-06-06 9:31","PML",0,1,140,"filter",NA,0.799,0.089,NA,NA,NA,NA
3,"ME_DeepHole_20190606_931_Hypo_3_Limno.Sample.20160505","ME","DeepHole","2019-06-06","2019-06-06 9:31","Hypo",3,3,140,"filter",NA,0.984,0.106,NA,NA,NA,NA
3,"ME_Outlet_20190606_931_Surface_0_Limno.Sample.20160505","ME","Outlet","2019-06-06","2019-06-06 9:31","Surface",0,0,140,"filter",NA,1.201,0.104,NA,NA,NA,NA
3,"FE_DeepHole_20190513_1020_Hypo_8_Limno.Sample.20160505","FE","DeepHole","2019-05-13","2019-05-13 10:20","Hypo",8,8,140,"filter",NA,1,0.114,NA,NA,NA,NA
15,"CR_DeepHole_20190607_933_PML_1_Limno.Sample.20160505","CR","DeepHole","2019-06-07","2019-06-07 9:33","PML",0,1,140,"filter",NA,0.643,0.061,NA,NA,NA,NA
15,"CR_DeepHole_20190607_933_Hypo_8_Limno.Sample.20160505","CR","DeepHole","2019-06-07","2019-06-07 9:33","Hypo",8,8,140,"filter",NA,1.013,0.083,NA,NA,NA,NA
3,"FE_Inlet1_20190513_1020_Surface_0_Limno.Sample.20160505","FE","Inlet1","2019-05-13","2019-05-13 10:20","Surface",0,0,140,"filter",NA,0.703,0.068,NA,NA,NA,NA
3,"WL_DeepHole_20190513_925_PML_1.5_Limno.Sample.20160505","WL","DeepHole","2019-05-13","2019-05-13 9:25","PML",0,1.5,140,"filter",NA,1.051,0.11,NA,NA,NA,NA
17,"BO_DeepHole_20190719_930_PML_0.5_Limno.Sample.20160505","BO","DeepHole","2019-07-19","2019-07-19 9:30","PML",0,0.5,140,"filter",NA,0.991,0.147,NA,NA,NA,NA
17,"BO_DeepHole_20190719_930_Hypo_2_Limno.Sample.20160505","BO","DeepHole","2019-07-19","2019-07-19 9:30","Hypo",2,2,140,"filter",NA,1.35,0.197,NA,NA,NA,NA
17,"HB_DeepHole_20190719_1044_PML_0.5_Limno.Sample.20160505","HB","DeepHole","2019-07-19","2019-07-19 10:44","PML",0,0.5,140,"filter",NA,0.903,0.109,NA,NA,NA,NA
17,"HB_DeepHole_20190719_1044_Hypo_4_Limno.Sample.20160505","HB","DeepHole","2019-07-19","2019-07-19 10:44","Hypo",4,4,140,"filter",NA,1.101,0.148,NA,NA,NA,NA
17,"HB_Outlet_20190719_1044_Surface_0_Limno.Sample.20160505","HB","Outlet","2019-07-19","2019-07-19 10:44","Surface",0,0,140,"filter",NA,1.84,0.173,NA,NA,NA,NA
17,"BR_DeepHole_20190722_1020_PML_2.5_Limno.Sample.20160505","BR","DeepHole","2019-07-22","2019-07-22 10:20","PML",0,2.5,140,"filter",NA,0.924,0.131,NA,NA,NA,NA
17,"BR_DeepHole_20190722_1020_Hypo_4.5_Limno.Sample.20160505","BR","DeepHole","2019-07-22","2019-07-22 10:20","Hypo",4.5,4.5,140,"filter",NA,1.741,0.273,NA,NA,NA,NA
34,"PA_DeepHole_20190801_830_PML_2.5_Limno.Sample.20160505","PA","DeepHole","2019-08-01","2019-08-01 8:30","PML",0,2.5,140,"filter",NA,0.819,0.087,NA,NA,NA,NA
34,"PA_DeepHole_20190801_830_Hypo_8_Limno.Sample.20160505","PA","DeepHole","2019-08-01","2019-08-01 8:30","Hypo",8,8,140,"filter",NA,1.077,0.128,NA,NA,NA,NA
15,"HB_DeepHole_20190802_825_Hypo_3.5_Limno.Sample.20160505","HB","DeepHole","2019-08-02","2019-08-02 8:25","Hypo",3.5,3.5,140,"filter",NA,1.172,0.148,NA,NA,NA,NA
15,"ME_DeepHole_20190812_1050_PML_0.5_Limno.Sample.20160505","ME","DeepHole","2019-08-12","2019-08-12 10:50","PML",0,0.5,140,"filter",NA,0.519,0.076,NA,NA,NA,NA
15,"ME_DeepHole_20190812_1050_Hypo_2_Limno.Sample.20160505","ME","DeepHole","2019-08-12","2019-08-12 10:50","Hypo",2,2,140,"filter",NA,0.666,0.081,NA,NA,NA,NA
15,"ME_Outlet_20190812_1050_Surface_0_Limno.Sample.20160505","ME","Outlet","2019-08-12","2019-08-12 10:50","Surface",0,0,140,"filter",NA,3.046,0.312,NA,NA,NA,NA
15,"MO_Inlet1_20190812_943_Surface_0_Limno.Sample.20160505","MO","Inlet1","2019-08-12","2019-08-12 9:43","Surface",0,0,140,"filter",NA,0.528,0.05,NA,NA,NA,NA
15,"MO_Inlet2_20190812_943_Surface_0_Limno.Sample.20160505","MO","Inlet2","2019-08-12","2019-08-12 9:43","Surface",0,0,140,"filter",NA,0.956,0.106,NA,NA,NA,NA
15,"MO_Inlet3_20190812_943_Surface_0_Limno.Sample.20160505","MO","Inlet3","2019-08-12","2019-08-12 9:43","Surface",0,0,140,"filter",NA,1.303,0.147,NA,NA,NA,NA
3,"FE_DeepHole_20190813_954_PML_2_Limno.Sample.20160505","FE","DeepHole","2019-08-13","2019-08-13 9:54","PML",0,2,140,"filter",NA,0.598,0.085,NA,NA,NA,NA
3,"FE_DeepHole_20190813_954_Hypo_8_Limno.Sample.20160505","FE","DeepHole","2019-08-13","2019-08-13 9:54","Hypo",8,8,140,"filter",NA,0.759,0.088,NA,NA,NA,NA
3,"WL_DeepHole_20190813_847_PML_2.5_Limno.Sample.20160505","WL","DeepHole","2019-08-13","2019-08-13 8:47","PML",0,2.5,140,"filter",NA,0.431,0.095,NA,NA,NA,NA
15,"HB_DeepHole_20190814_1037_PML_1_Limno.Sample.20160505","HB","DeepHole","2019-08-14","2019-08-14 10:37","PML",0,1,140,"filter",NA,0.744,0.087,NA,NA,NA,NA
15,"HB_DeepHole_20190814_1037_Hypo_4.5_Limno.Sample.20160505","HB","DeepHole","2019-08-14","2019-08-14 10:37","Hypo",4.5,4.5,140,"filter",NA,1.156,0.151,NA,NA,NA,NA
15,"HB_Outlet_20190814_1037_Surface_0_Limno.Sample.20160505","HB","Outlet","2019-08-14","2019-08-14 10:37","Surface",0,0,140,"filter",NA,2.818,0.329,NA,NA,NA,NA
37,"HT_DeepHole_20190820_1335_Surface_0_fishScapesLimno.20190319","HT","DeepHole","2019-08-20","2019-08-20 13:35","Surface",0,0,140,"filter",NA,0.924,0.171,NA,NA,NA,NA
37,"ID_DeepHole_20190820_1435_Surface_0_fishScapesLimno.20190319","ID","DeepHole","2019-08-20","2019-08-20 14:35","Surface",0,0,140,"filter",NA,0.984,0.117,NA,NA,NA,NA
37,"MS_DeepHole_20190901_1315_Surface_0_fishScapesLimno.20190319","MS","DeepHole","2019-09-01","2019-09-01 13:15","Surface",0,0,120,"filter",NA,1.403,0.178,NA,NA,NA,NA
37,"SV_DeepHole_20190901_1245_Surface_0_fishScapesLimno.20190319","SV","DeepHole","2019-09-01","2019-09-01 12:45","Surface",0,0,140,"filter",NA,0.581,0.07,NA,NA,NA,NA
37,"SM_DeepHole_20190901_1345_Surface_0_fishScapesLimno.20190319","SM","DeepHole","2019-09-01","2019-09-01 13:45","Surface",0,0,140,"filter",NA,0.577,0.066,NA,NA,NA,NA
37,"BK_DeepHole_20190901_1215_Surface_0_fishScapesLimno.20190319","BK","DeepHole","2019-09-01","2019-09-01 12:15","Surface",0,0,120,"filter",NA,0.897,0.101,NA,NA,NA,NA
15,"MO_Inlet1_20191006_1233_Surface_0_Limno.Sample.20160505","MO","Inlet1","2019-10-06","2019-10-06 12:33","Surface",0,0,140,"filter",NA,0.469,0.057,NA,NA,NA,NA
13,"PA_DeepHole_20191007_1000_Hypo_9_Limno.Sample.20160505","PA","DeepHole","2019-10-07","2019-10-07 10:00","Hypo",9,9,90,"filter",NA,1.499,0.185,NA,NA,NA,NA
13,"PE_DeepHole_20191007_1100_PML_5_Limno.Sample.20160505","PE","DeepHole","2019-10-07","2019-10-07 11:00","PML",0,5,140,"filter",NA,1.91,0.109,NA,NA,NA,NA
13,"PE_DeepHole_20191007_1100_Hypo_10_Limno.Sample.20160505","PE","DeepHole","2019-10-07","2019-10-07 11:00","Hypo",10,10,140,"filter",NA,1.214,0.186,NA,NA,NA,NA
15,"ME_DeepHole_20190524_840_Hypo_3.5_Limno.Sample.20160505","ME","DeepHole","2019-05-24","2019-05-24 8:40","Hypo",3.5,3.5,140,"filter",NA,1,0.106,NA,NA,NA,NA
15,"ME_Outlet_20190524_840_Surface_0_Limno.Sample.20160505","ME","Outlet","2019-05-24","2019-05-24 8:40","Surface",0,0,140,"filter",NA,0.945,0.107,NA,NA,NA,NA
3,"FE_DeepHole_20190528_1058_PML_1.5_Limno.Sample.20160505","FE","DeepHole","2019-05-28","2019-05-28 10:58","PML",0,1.5,140,"filter",NA,0.982,0.128,NA,NA,NA,NA
3,"FE_DeepHole_20190528_1058_Hypo_8_Limno.Sample.20160505","FE","DeepHole","2019-05-28","2019-05-28 10:58","Hypo",8,8,140,"filter",NA,0.548,0.06,NA,NA,NA,NA
34,"PA_DeepHole_20190515_845_Hypo_6_Limno.Sample.20160505","PA","DeepHole","2019-05-15","2019-05-15 8:45","Hypo",6,6,140,"filter",NA,1.078,0.153,NA,NA,NA,NA
3,"FE_DeepHole_20190716_932_PML_1_Limno.Sample.20160505","FE","DeepHole","2019-07-16","2019-07-16 9:32","PML",0,1,140,"filter",NA,0.751,0.128,NA,NA,NA,NA
3,"FE_DeepHole_20190716_932_Hypo_8_Limno.Sample.20160505","FE","DeepHole","2019-07-16","2019-07-16 9:32","Hypo",8,8,140,"filter",NA,0.887,0.12,NA,NA,NA,NA
3,"FE_Inlet1_20190716_932_Surface_0_Limno.Sample.20160505","FE","Inlet1","2019-07-16","2019-07-16 9:32","Surface",0,0,140,"filter",NA,1.117,0.166,NA,NA,NA,NA
3,"WL_DeepHole_20190716_835_PML_2_Limno.Sample.20160505","WL","DeepHole","2019-07-16","2019-07-16 8:35","PML",0,2,140,"filter",NA,0.4,0.06,NA,NA,NA,NA
3,"WL_DeepHole_20190716_835_Hypo_8_Limno.Sample.20160505","WL","DeepHole","2019-07-16","2019-07-16 8:35","Hypo",8,8,140,"filter",NA,0.852,0.129,NA,NA,NA,NA
17,"TU_DeepHole_20190725_840_Hypo_5_Limno.Sample.20160505","TU","DeepHole","2019-07-25","2019-07-25 8:40","Hypo",5,5,140,"filter",NA,0.961,0.14,NA,NA,NA,NA
3,"FE_DeepHole_20190806_937_PML_1.5_Limno.Sample.20160505","FE","DeepHole","2019-08-06","2019-08-06 9:37","PML",0,1.5,140,"filter",NA,0.524,0.087,NA,NA,NA,NA
3,"FE_DeepHole_20190806_937_Hypo_8_Limno.Sample.20160505","FE","DeepHole","2019-08-06","2019-08-06 9:37","Hypo",8,8,140,"filter",NA,0.727,0.528,NA,NA,NA,NA
3,"WL_DeepHole_20190806_834_PML_2_Limno.Sample.20160505","WL","DeepHole","2019-08-06","2019-08-06 8:34","PML",0,2,140,"filter",NA,0.847,0.113,NA,NA,NA,NA
3,"WL_DeepHole_20190806_834_Hypo_8_Limno.Sample.20160505","WL","DeepHole","2019-08-06","2019-08-06 8:34","Hypo",8,8,140,"filter",NA,0.814,0.125,NA,NA,NA,NA
34,"PE_DeepHole_20190822_946_PML_2.5_Limno.Sample.20160505","PE","DeepHole","2019-08-22","2019-08-22 9:46","PML",0,2.5,140,"filter",NA,0.468,0.132,NA,NA,NA,NA
34,"PE_DeepHole_20190822_946_Hypo_11_Limno.Sample.20160505","PE","DeepHole","2019-08-22","2019-08-22 9:46","Hypo",4.6,11,120,"filter",NA,0.949,0.142,NA,NA,NA,NA
15,"CR_DeepHole_20191006_845_PML_7_Limno.Sample.20160505","CR","DeepHole","2019-10-06","2019-10-06 8:45","PML",0,7,140,"filter",NA,0.597,0.098,NA,NA,NA,NA
15,"HB_Outlet_20191006_1047_Surface_0_Limno.Sample.20160505","HB","Outlet","2019-10-06","2019-10-06 10:47","Surface",0,0,140,"filter",NA,7.852,0.569,NA,NA,NA,NA
15,"ME_DeepHole_20191006_1200_PML_4_Limno.Sample.20160505","ME","DeepHole","2019-10-06","2019-10-06 12:00","PML",0,4,140,"filter",NA,0.292,0.059,NA,NA,NA,NA
15,"ME_DeepHole_20191006_1200_Hypo_4_Limno.Sample.20160505","ME","DeepHole","2019-10-06","2019-10-06 12:00","Hypo",4,4,140,"filter",NA,0.279,0.089,NA,NA,NA,NA
15,"ME_Outlet_20191006_1200_Surface_0_Limno.Sample.20160505","ME","Outlet","2019-10-06","2019-10-06 12:00","Surface",0,0,140,"filter",NA,0.451,0.058,NA,NA,NA,NA
15,"MO_DeepHole_20191006_1233_PML_4_Limno.Sample.20160505","MO","DeepHole","2019-10-06","2019-10-06 12:33","PML",0,4,140,"filter",NA,0.744,0.116,NA,NA,NA,NA
15,"MO_DeepHole_20191006_1233_Hypo_6_Limno.Sample.20160505","MO","DeepHole","2019-10-06","2019-10-06 12:33","Hypo",6,6,140,"filter",NA,1.116,0.168,NA,NA,NA,NA
3,"WL_DeepHole_20191006_900_PML_4.5_Limno.Sample.20160505","WL","DeepHole","2019-10-06","2019-10-06 9:00","PML",0,4.5,140,"filter",NA,0.34,0.066,NA,NA,NA,NA
3,"WL_DeepHole_20191006_900_Hypo_8_Limno.Sample.20160505","WL","DeepHole","2019-10-06","2019-10-06 9:00","Hypo",8,8,140,"filter",NA,0.607,0.105,NA,NA,NA,NA
15,"MO_Inlet3_20191006_1233_Surface_0_Limno.Sample.20160505","MO","Inlet3","2019-10-06","2019-10-06 12:33","Surface",0,0,140,"filter",NA,0.633,0.074,NA,NA,NA,NA
15,"MO_Outlet_20191006_1233_Surface_0_Limno.Sample.20160505","MO","Outlet","2019-10-06","2019-10-06 12:33","Surface",0,0,140,"filter",NA,0.794,0.143,NA,NA,NA,NA
13,"PA_DeepHole_20191007_1000_PML_6_Limno.Sample.20160505","PA","DeepHole","2019-10-07","2019-10-07 10:00","PML",0,6,140,"filter",NA,0.528,0.098,NA,NA,NA,NA
15,"MO_Inlet2_20191006_1200_Surface_0_Limno.Sample.20160505","MO","Inlet2","2019-10-06","2019-10-06 12:00","Surface",0,0,140,"filter",NA,1.331,0.089,NA,NA,NA,NA
17,"ME_Outlet_20190703_915_Surface_0_Limno.Sample.20160505","ME","Outlet","2019-07-03","2019-07-03 9:15","Surface",0,0,140,"filter",NA,1.301,0.121,NA,NA,NA,NA
3,"FE_Inlet1_20190611_1058_Surface_0_Limno.Sample.20160505","FE","Inlet1","2019-06-11","2019-06-11 10:58","Surface",0,0,140,"filter",NA,0.813,0.085,NA,NA,NA,NA
3,"WL_DeepHole_20190611_910_PML_1.5_Limno.Sample.20160505","WL","DeepHole","2019-06-11","2019-06-11 9:10","PML",0,1.5,140,"filter",NA,0.89,0.138,NA,NA,NA,NA
3,"WL_DeepHole_20190611_910_Hypo_8_Limno.Sample.20160505","WL","DeepHole","2019-06-11","2019-06-11 9:10","Hypo",8,8,140,"filter",NA,1.103,0.175,NA,NA,NA,NA
34,"PA_DeepHole_20190612_834_PML_2_Limno.Sample.20160505","PA","DeepHole","2019-06-12","2019-06-12 8:34","PML",0,2,140,"filter",NA,0.388,0.143,NA,NA,NA,NA
34,"PA_DeepHole_20190612_834_Hypo_7_Limno.Sample.20160505","PA","DeepHole","2019-06-12","2019-06-12 8:34","Hypo",7,7,140,"filter",NA,1.25,0.166,NA,NA,NA,NA
34,"PE_DeepHole_20190612_934_PML_1.5_Limno.Sample.20160505","PE","DeepHole","2019-06-12","2019-06-12 9:34","PML",0,1.5,140,"filter",NA,0.409,0.061,NA,NA,NA,NA
34,"PE_DeepHole_20190612_934_Hypo_9_Limno.Sample.20160505","PE","DeepHole","2019-06-12","2019-06-12 9:34","Hypo",9,9,140,"filter",NA,0.562,0.075,NA,NA,NA,NA
17,"BA_DeepHole_20190613_832_PML_2_Limno.Sample.20160505","BA","DeepHole","2019-06-13","2019-06-13 8:32","PML",0,2,140,"filter",NA,0.575,0.07,NA,NA,NA,NA
17,"BA_DeepHole_20190613_832_Hypo_8_Limno.Sample.20160505","BA","DeepHole","2019-06-13","2019-06-13 8:32","Hypo",8,8,140,"filter",NA,0.385,0.051,NA,NA,NA,NA
15,"CR_DeepHole_20190701_955_PML_1.5_Limno.Sample.20160505","CR","DeepHole","2019-07-01","2019-07-01 9:55","PML",0,1.5,140,"filter",NA,0.515,0.085,NA,NA,NA,NA
15,"CR_DeepHole_20190701_955_Hypo_10_Limno.Sample.20160505","CR","DeepHole","2019-07-01","2019-07-01 9:55","Hypo",10,10,140,"filter",NA,0.478,0.079,NA,NA,NA,NA
15,"CR_Outlet_20190701_955_Surface_0_Limno.Sample.20160505","CR","Outlet","2019-07-01","2019-07-01 9:55","Surface",0,0,140,"filter",NA,2.484,0.294,NA,NA,NA,NA
15,"HB_DeepHole_20190701_840_PML_0.5_Limno.Sample.20160505","HB","DeepHole","2019-07-01","2019-07-01 8:40","PML",0,0.5,140,"filter",NA,0.921,0.152,NA,NA,NA,NA
15,"HB_DeepHole_20190701_840_Hypo_4.5_Limno.Sample.20160505","HB","DeepHole","2019-07-01","2019-07-01 8:40","Hypo",4.5,4.5,140,"filter",NA,0.854,0.136,NA,NA,NA,NA
15,"HB_Outlet_20190701_840_Surface_0_Limno.Sample.20160505","HB","Outlet","2019-07-01","2019-07-01 8:40","Surface",0,0,140,"filter",NA,0.459,0.073,NA,NA,NA,NA
3,"FE_DeepHole_20190702_908_PML_1.5_Limno.Sample.20160505","FE","DeepHole","2019-07-02","2019-07-02 9:08","PML",0,1.5,140,"filter",NA,0.552,0.262,NA,NA,NA,NA
3,"FE_DeepHole_20190702_908_Hypo_8_Limno.Sample.20160505","FE","DeepHole","2019-07-02","2019-07-02 9:08","Hypo",8,8,140,"filter",NA,0.605,0.091,NA,NA,NA,NA
3,"WL_DeepHole_20190702_830_PML_1.5_Limno.Sample.20160505","WL","DeepHole","2019-07-02","2019-07-02 8:30","PML",0,1.5,140,"filter",NA,0.677,0.122,NA,NA,NA,NA
34,"PE_DeepHole_20190703_1050_Hypo_9_Limno.Sample.20160505","PE","DeepHole","2019-07-03","2019-07-03 10:50","Hypo",9,9,140,"filter",NA,0.841,0.142,NA,NA,NA,NA
3,"FE_DeepHole_20190709_1104_PML_1_Limno.Sample.20160505","FE","DeepHole","2019-07-09","2019-07-09 11:04","PML",0,1,140,"filter",NA,0.669,0.1,NA,NA,NA,NA
3,"FE_DeepHole_20190709_1104_Hypo_8_Limno.Sample.20160505","FE","DeepHole","2019-07-09","2019-07-09 11:04","Hypo",8,8,120,"filter",NA,0.44,0.087,NA,NA,NA,NA
3,"WL_DeepHole_20190709_910_PML_1.5_Limno.Sample.20160505","WL","DeepHole","2019-07-09","2019-07-09 9:10","PML",0,1.5,140,"filter",NA,1.127,0.206,NA,NA,NA,NA
3,"WL_DeepHole_20190709_910_Hypo_8_Limno.Sample.20160505","WL","DeepHole","2019-07-09","2019-07-09 9:10","Hypo",8,8,140,"filter",NA,0.648,0.124,NA,NA,NA,NA
34,"PE_DeepHole_20190718_1415_PML_2_Limno.Sample.20160505","PE","DeepHole","2019-07-18","2019-07-18 14:15","PML",0,2,140,"filter",NA,0.454,0.087,NA,NA,NA,NA
34,"PE_DeepHole_20190718_1415_Hypo_9_Limno.Sample.20160505","PE","DeepHole","2019-07-18","2019-07-18 14:15","Hypo",9,9,140,"filter",NA,0.979,0.146,NA,NA,NA,NA
17,"BA_DeepHole_20190725_925_PML_3_Limno.Sample.20160505","BA","DeepHole","2019-07-25","2019-07-25 9:25","PML",0,3,140,"filter",NA,0.801,0.122,NA,NA,NA,NA
17,"BA_DeepHole_20190725_925_Hypo_6.5_Limno.Sample.20160505","BA","DeepHole","2019-07-25","2019-07-25 9:25","Hypo",6.5,6.5,140,"filter",NA,0.636,0.088,NA,NA,NA,NA
15,"MO_DeepHole_20190812_943_PML_1_Limno.Sample.20160505","MO","DeepHole","2019-08-12","2019-08-12 9:43","PML",0,1,140,"filter",NA,1.31,0.158,NA,NA,NA,NA
3,"FE_DeepHole_20190820_1340_PML_2_Limno.Sample.20160505","FE","DeepHole","2019-08-20","2019-08-20 13:40","PML",0,2,140,"filter",NA,0.983,0.139,NA,NA,NA,NA
15,"PA_DeepHole_20190522_1050_Hypo_7.5_Limno.Sample.20160505","PA","DeepHole","2019-05-22","2019-05-22 10:50","Hypo",7.5,7.5,140,"filter",NA,1.444,0.193,NA,NA,NA,NA
37,"LV_DeepHole_20190823_1030_Surface_0_fishScapesLimno.20190319","LV","DeepHole","2019-08-23","2019-08-23 10:30","Surface",0,0,120,"filter",NA,1.432,0.269,NA,NA,NA,NA
3,"FE_DeepHole_20190827_1107_PML_2_Limno.Sample.20160505","FE","DeepHole","2019-08-27","2019-08-27 11:07","PML",0,2,140,"filter",NA,0.321,0.114,NA,NA,NA,NA
3,"FE_DeepHole_20190827_1107_Hypo_8_Limno.Sample.20160505","FE","DeepHole","2019-08-27","2019-08-27 11:07","Hypo",8,8,140,"filter",NA,0.561,0.087,NA,NA,NA,NA
3,"WL_DeepHole_20190827_1000_PML_2.5_Limno.Sample.20160505","WL","DeepHole","2019-08-27","2019-08-27 10:00","PML",0,2.5,140,"filter",NA,0.315,0.07,NA,NA,NA,NA
3,"WL_DeepHole_20190827_1000_Hypo_8_Limno.Sample.20160505","WL","DeepHole","2019-08-27","2019-08-27 10:00","Hypo",8,8,140,"filter",NA,0.847,0.129,NA,NA,NA,NA
15,"CR_Outlet_20190607_933_Surface_0_Limno.Sample.20160505","CR","Outlet","2019-06-07","2019-06-07 9:33","Surface",0,0,140,"filter",NA,0.526,0.077,NA,NA,NA,NA
17,"BR_DeepHole_20190613_1056_PML_2_Limno.Sample.20160505","BR","DeepHole","2019-06-13","2019-06-13 10:56","PML",0,2,140,"filter",NA,0.964,0.136,NA,NA,NA,NA
17,"BR_DeepHole_20190613_1056_Hypo_4_Limno.Sample.20160505","BR","DeepHole","2019-06-13","2019-06-13 10:56","Hypo",4,4,140,"filter",NA,2.26,0.358,NA,NA,NA,NA
17,"CB_DeepHole_20190614_847_PML_0.5_Limno.Sample.20160505","CB","DeepHole","2019-06-14","2019-06-14 8:47","PML",0,0.5,140,"filter",NA,0.451,0.094,NA,NA,NA,NA
17,"CB_DeepHole_20190614_847_Hypo_5_Limno.Sample.20160505","CB","DeepHole","2019-06-14","2019-06-14 8:47","Hypo",5,5,140,"filter",NA,0.755,0.114,NA,NA,NA,NA
17,"MO_DeepHole_20190617_930_PML_1_Limno.Sample.20160505","MO","DeepHole","2019-06-17","2019-06-17 9:30","PML",0,1,140,"filter",NA,1.032,0.217,NA,NA,NA,NA
17,"MO_DeepHole_20190617_930_Hypo_4.5_Limno.Sample.20160505","MO","DeepHole","2019-06-17","2019-06-17 9:30","Hypo",4.5,4.5,140,"filter",NA,1.191,0.195,NA,NA,NA,NA
17,"MO_Outlet_20190617_930_Surface_0_Limno.Sample.20160505","MO","Outlet","2019-06-17","2019-06-17 9:30","Surface",0,0,140,"filter",NA,0.63,0.115,NA,NA,NA,NA
17,"MO_Inlet1_20190617_930_Surface_0_Limno.Sample.20160505","MO","Inlet1","2019-06-17","2019-06-17 9:30","Surface",0,0,140,"filter",NA,0.378,0.048,NA,NA,NA,NA
17,"MO_Inlet2_20190617_930_Surface_0_Limno.Sample.20160505","MO","Inlet2","2019-06-17","2019-06-17 9:30","Surface",0,0,140,"filter",NA,2.275,0.216,NA,NA,NA,NA
17,"HB_DeepHole_20190621_940_Hypo_4.5_Limno.Sample.20160505","HB","DeepHole","2019-06-21","2019-06-21 9:40","Hypo",4.5,4.5,140,"filter",NA,1.023,0.164,NA,NA,NA,NA
3,"FE_DeepHole_20190625_928_PML_1.5_Limno.Sample.20160505","FE","DeepHole","2019-06-25","2019-06-25 9:28","PML",0,1.5,140,"filter",NA,0.606,0.126,NA,NA,NA,NA
3,"FE_DeepHole_20190625_928_Hypo_8_Limno.Sample.20160505","FE","DeepHole","2019-06-25","2019-06-25 9:28","Hypo",8,8,140,"filter",NA,0.884,0.146,NA,NA,NA,NA
3,"WL_DeepHole_20190625_835_PML_2_Limno.Sample.20160505","WL","DeepHole","2019-06-25","2019-06-25 8:35","PML",0,2,140,"filter",NA,0.718,0.138,NA,NA,NA,NA
3,"WL_DeepHole_20190625_835_Hypo_8_Limno.Sample.20160505","WL","DeepHole","2019-06-25","2019-06-25 8:35","Hypo",8,8,140,"filter",NA,0.904,0.146,NA,NA,NA,NA
34,"PA_DeepHole_20190627_842_PML_2_Limno.Sample.20160505","PA","DeepHole","2019-06-27","2019-06-27 8:42","PML",0,2,140,"filter",NA,0.331,0.059,NA,NA,NA,NA
34,"PA_DeepHole_20190627_842_Hypo_8_Limno.Sample.20160505","PA","DeepHole","2019-06-27","2019-06-27 8:42","Hypo",8,8,140,"filter",NA,1.452,0.216,NA,NA,NA,NA
34,"PE_DeepHole_20190627_1001_PML_1.5_Limno.Sample.20160505","PE","DeepHole","2019-06-27","2019-06-27 10:01","PML",0,1.5,140,"filter",NA,0.46,0.081,NA,NA,NA,NA
34,"PE_DeepHole_20190627_1001_Hypo_9_Limno.Sample.20160505","PE","DeepHole","2019-06-27","2019-06-27 10:01","Hypo",9,9,140,"filter",NA,0.752,0.117,NA,NA,NA,NA
3,"WL_DeepHole_20190702_830_Hypo_8_Limno.Sample.20160505","WL","DeepHole","2019-07-02","2019-07-02 8:30","Hypo",8,8,140,"filter",NA,0.858,0.141,NA,NA,NA,NA
34,"PA_DeepHole_20190711_830_PML_2_Limno.Sample.20160505","PA","DeepHole","2019-07-11","2019-07-11 8:30","PML",0,2,140,"filter",NA,0.496,0.071,NA,NA,NA,NA
34,"PA_DeepHole_20190711_830_Hypo_8_Limno.Sample.20160505","PA","DeepHole","2019-07-11","2019-07-11 8:30","Hypo",8,8,140,"filter",NA,1.028,0.144,NA,NA,NA,NA
34,"PE_DeepHole_20190711_949_PML_2_Limno.Sample.20160505","PE","DeepHole","2019-07-11","2019-07-11 9:49","PML",0,2,140,"filter",NA,0.364,0.058,NA,NA,NA,NA
34,"PE_DeepHole_20190711_949_Hypo_9_Limno.Sample.20160505","PE","DeepHole","2019-07-11","2019-07-11 9:49","Hypo",9,9,140,"filter",NA,1.044,0.161,NA,NA,NA,NA
17,"MO_Inlet2_20190715_944_Surface_0_Limno.Sample.20160505","MO","Inlet2","2019-07-15","2019-07-15 9:44","Surface",0,0,140,"filter",NA,0.95,0.12,NA,NA,NA,NA
17,"MO_Inlet3_20190715_944_Surface_0_Limno.Sample.20160505","MO","Inlet3","2019-07-15","2019-07-15 9:44","Surface",0,0,140,"filter",NA,0.912,0.117,NA,NA,NA,NA
17,"MO_Inlet1_20190731_938_Surface_0_Limno.Sample.20160505","MO","Inlet1","2019-07-31","2019-07-31 9:38","Surface",0,0,140,"filter",NA,0.402,0.064,NA,NA,NA,NA
17,"MO_Inlet2_20190731_938_Surface_0_Limno.Sample.20160505","MO","Inlet2","2019-07-31","2019-07-31 9:38","Surface",0,0,60,"filter",NA,2.659,0.341,NA,NA,NA,NA
15,"MO_DeepHole_20190812_943_Hypo_4.5_Limno.Sample.20160505","MO","DeepHole","2019-08-12","2019-08-12 9:43","Hypo",4.5,4.5,140,"filter",NA,1.49,0.251,NA,NA,NA,NA
15,"MO_Outlet_20190812_943_Surface_0_Limno.Sample.20160505","MO","Outlet","2019-08-12","2019-08-12 9:43","Surface",0,0,140,"filter",NA,0.639,0.097,NA,NA,NA,NA
3,"WL_DeepHole_20190521_856_Hypo_8_Limno.Sample.20160505","WL","DeepHole","2019-05-21","2019-05-21 8:56","Hypo",8,8,140,"filter",NA,1.028,0.139,NA,NA,NA,NA
37,"IV_DeepHole_20190819_1305_Surface_0_fishScapesLimno.20190319","IV","DeepHole","2019-08-19","2019-08-19 13:05","Surface",0,0,140,"filter",NA,0.632,0.103,NA,NA,NA,NA
37,"LE_DeepHole_20190819_1155_Surface_0_fishScapesLimno.20190319","LE","DeepHole","2019-08-19","2019-08-19 11:55","Surface",0,0,140,"filter",NA,1.22,0.15,NA,NA,NA,NA
15,"PE_DeepHole_20190522_840_PML_1.5_Limno.Sample.20160505","PE","DeepHole","2019-05-22","2019-05-22 8:40","PML",0,1.5,140,"filter",NA,0.46,0.087,NA,NA,NA,NA
37,"LL_DeepHole_20190817_1705_Surface_0_fishScapesLimno.20190319","LL","DeepHole","2019-08-17","2019-08-17 17:05","Surface",0,0,140,"filter",NA,0.23,0.051,NA,NA,NA,NA
37,"LT_DeepHole_20190820_1150_Surface_0_fishScapesLimno.20190319","LT","DeepHole","2019-08-20","2019-08-20 11:50","Surface",0,0,140,"filter",NA,1.653,0.278,NA,NA,NA,NA
37,"PK_DeepHole_20190820_1225_Surface_0_fishScapesLimno.20190319","PK","DeepHole","2019-08-20","2019-08-20 12:25","Surface",0,0,120,"filter",NA,1.276,0.235,NA,NA,NA,NA
15,"PE_DeepHole_20190522_840_Hypo_11_Limno.Sample.20160505","PE","DeepHole","2019-05-22","2019-05-22 8:40","Hypo",11,11,140,"filter",NA,0.768,0.12,NA,NA,NA,NA
15,"MO_DeepHole_20190523_952_PML_1.5_Limno.Sample.20160505","MO","DeepHole","2019-05-23","2019-05-23 9:52","PML",0,1.5,140,"filter",NA,1.161,0.178,NA,NA,NA,NA
37,"SC_DeepHole_20190830_1030_Surface_0_fishScapesLimno.20190319","SC","DeepHole","2019-08-30","2019-08-30 10:30","Surface",0,0,140,"filter",NA,0.503,0.092,NA,NA,NA,NA
15,"MO_DeepHole_20190523_952_Hypo_6_Limno.Sample.20160505","MO","DeepHole","2019-05-23","2019-05-23 9:52","Hypo",6,6,140,"filter",NA,1.554,0.264,NA,NA,NA,NA
15,"MO_Outlet_20190523_952_Surface_0_Limno.Sample.20160505","MO","Outlet","2019-05-23","2019-05-23 9:52","Surface",0,0,140,"filter",NA,1.153,0.18,NA,NA,NA,NA
15,"MO_Inlet1_20190523_952_Surface_0_Limno.Sample.20160505","MO","Inlet1","2019-05-23","2019-05-23 9:52","Surface",0,0,140,"filter",NA,0.432,0.067,NA,NA,NA,NA
15,"MO_Inlet2_20190523_952_Surface_0_Limno.Sample.20160505","MO","Inlet2","2019-05-23","2019-05-23 9:52","Surface",0,0,140,"filter",NA,1.767,0.175,NA,NA,NA,NA
15,"MO_Inlet3_20190523_952_Surface_0_Limno.Sample.20160505","MO","Inlet3","2019-05-23","2019-05-23 9:52","Surface",0,0,140,"filter",NA,0.355,0.062,NA,NA,NA,NA
15,"ME_DeepHole_20190524_840_PML_1.5_Limno.Sample.20160505","ME","DeepHole","2019-05-24","2019-05-24 8:40","PML",0,1.5,140,"filter",NA,0.649,0.102,NA,NA,NA,NA
3,"FE_DeepHole_20190508_1220_PML_0.5_Limno.Sample.20160505","FE","DeepHole","2019-05-08","2019-05-08 12:20","PML",0,0.5,140,"filter",NA,1.475,0.21,NA,NA,NA,NA
17,"MO_Inlet3_20190617_930_Surface_0_Limno.Sample.20160505","MO","Inlet3","2019-06-17","2019-06-17 9:30","Surface",0,0,140,"filter",NA,1.166,0.123,NA,NA,NA,NA
3,"FE_DeepHole_20190618_952_PML_1.5_Limno.Sample.20160505","FE","DeepHole","2019-06-18","2019-06-18 9:52","PML",0,1.5,140,"filter",NA,0.76,0.135,NA,NA,NA,NA
3,"FE_DeepHole_20190618_952_Hypo_8_Limno.Sample.20160505","FE","DeepHole","2019-06-18","2019-06-18 9:52","Hypo",8,8,140,"filter",NA,0.731,0.111,NA,NA,NA,NA
17,"MO_DeepHole_20190715_944_PML_1_Limno.Sample.20160505","MO","DeepHole","2019-07-15","2019-07-15 9:44","PML",0,1,140,"filter",NA,1.362,0.176,NA,NA,NA,NA
17,"MO_DeepHole_20190715_944_Hypo_4.5_Limno.Sample.20160505","MO","DeepHole","2019-07-15","2019-07-15 9:44","Hypo",4.5,4.5,140,"filter",NA,1.318,0.203,NA,NA,NA,NA
17,"MO_Outlet_20190715_944_Surface_0_Limno.Sample.20160505","MO","Outlet","2019-07-15","2019-07-15 9:44","Surface",0,0,140,"filter",NA,0.501,0.062,NA,NA,NA,NA
17,"MO_Inlet1_20190715_944_Surface_0_Limno.Sample.20160505","MO","Inlet1","2019-07-15","2019-07-15 9:44","Surface",0,0,140,"filter",NA,0.714,0.082,NA,NA,NA,NA
3,"CR_DeepHole_20190718_833_PML_3_Limno.Sample.20160505","CR","DeepHole","2019-07-18","2019-07-18 8:33","PML",0,3,140,"filter",NA,0.628,0.079,NA,NA,NA,NA
3,"CR_DeepHole_20190718_833_Hypo_10_Limno.Sample.20160505","CR","DeepHole","2019-07-18","2019-07-18 8:33","Hypo",10,10,140,"filter",NA,0.486,0.107,NA,NA,NA,NA
34,"PA_DeepHole_20190718_827_PML_2_Limno.Sample.20160505","PA","DeepHole","2019-07-18","2019-07-18 8:27","PML",0,2,140,"filter",NA,0.447,0.095,NA,NA,NA,NA
34,"PA_DeepHole_20190718_827_Hypo_8_Limno.Sample.20160505","PA","DeepHole","2019-07-18","2019-07-18 8:27","Hypo",8,8,140,"filter",NA,1.474,0.207,NA,NA,NA,NA
3,"FE_DeepHole_20190722_910_PML_2_Limno.Sample.20160505","FE","DeepHole","2019-07-22","2019-07-22 9:10","PML",0,2,140,"filter",NA,0.981,0.153,NA,NA,NA,NA
3,"FE_DeepHole_20190722_910_Hypo_8_Limno.Sample.20160505","FE","DeepHole","2019-07-22","2019-07-22 9:10","Hypo",8,8,140,"filter",NA,0.811,0.11,NA,NA,NA,NA
3,"FE_Inlet1_20190722_910_Surface_0_Limno.Sample.20160505","FE","Inlet1","2019-07-22","2019-07-22 9:10","Surface",0,0,140,"filter",NA,0.342,0.035,NA,NA,NA,NA
3,"WL_DeepHole_20190722_830_PML_2.5_Limno.Sample.20160505","WL","DeepHole","2019-07-22","2019-07-22 8:30","PML",0,2.5,140,"filter",NA,0.662,0.121,NA,NA,NA,NA
3,"WL_DeepHole_20190722_830_Hypo_8_Limno.Sample.20160505","WL","DeepHole","2019-07-22","2019-07-22 8:30","Hypo",8,8,140,"filter",NA,1.233,0.216,NA,NA,NA,NA
17,"WA_DeepHole_20190722_836_PML_1_Limno.Sample.20160505","WA","DeepHole","2019-07-22","2019-07-22 8:36","PML",0,1,140,"filter",NA,0.48,0.057,NA,NA,NA,NA
17,"WA_DeepHole_20190722_836_Hypo_4.5_Limno.Sample.20160505","WA","DeepHole","2019-07-22","2019-07-22 8:36","Hypo",4.5,4.5,140,"filter",NA,2.957,0.53,NA,NA,NA,NA
17,"CB_DeepHole_20190729_1002_PML_1_Limno.Sample.20160505","CB","DeepHole","2019-07-29","2019-07-29 10:02","PML",0,1,140,"filter",NA,0.841,0.1,NA,NA,NA,NA
3,"FE_DeepHole_20190508_1220_Hypo_8_Limno.Sample.20160505","FE","DeepHole","2019-05-08","2019-05-08 12:20","Hypo",8,8,140,"filter",NA,0.567,0.082,NA,NA,NA,NA
17,"CB_DeepHole_20190729_1002_Hypo_5_Limno.Sample.20160505","CB","DeepHole","2019-07-29","2019-07-29 10:02","Hypo",5,5,140,"filter",NA,0.685,0.094,NA,NA,NA,NA
17,"NG_DeepHole_20190729_836_PML_0.75_Limno.Sample.20160505","NG","DeepHole","2019-07-29","2019-07-29 8:36","PML",0,0.75,140,"filter",NA,0.785,0.113,NA,NA,NA,NA
3,"WL_DeepHole_20190730_842_PML_2.5_Limno.Sample.20160505","WL","DeepHole","2019-07-30","2019-07-30 8:42","PML",0,2.5,140,"filter",NA,0.596,0.081,NA,NA,NA,NA
3,"WL_DeepHole_20190730_842_Hypo_8_Limno.Sample.20160505","WL","DeepHole","2019-07-30","2019-07-30 8:42","Hypo",8,8,140,"filter",NA,0.86,0.13,NA,NA,NA,NA
37,"WN_DeepHole_20190828_1330_Surface_0_fishScapesLimno.20190319","WN","DeepHole","2019-08-28","2019-08-28 13:30","Surface",0,0,120,"filter",NA,1.261,0.136,NA,NA,NA,NA
37,"DY_DeepHole_20190828_1345_Surface_0_fishScapesLimno.20190319","DY","DeepHole","2019-08-28","2019-08-28 13:45","Surface",0,0,120,"filter",NA,1.13,0.161,NA,NA,NA,NA
37,"UG_DeepHole_20190828_1400_Surface_0_fishScapesLimno.20190319","UG","DeepHole","2019-08-28","2019-08-28 14:00","Surface",0,0,140,"filter",NA,0.66,0.098,NA,NA,NA,NA
37,"SE_DeepHole_20190828_1420_Surface_0_fishScapesLimno.20190319","SE","DeepHole","2019-08-28","2019-08-28 14:20","Surface",0,0,100,"filter",NA,0.876,0.122,NA,NA,NA,NA
37,"NH_DeepHole_20190828_1435_Surface_0_fishScapesLimno.20190319","NH","DeepHole","2019-08-28","2019-08-28 14:35","Surface",0,0,100,"filter",NA,1.125,0.154,NA,NA,NA,NA
3,"FE_Inlet1_20190508_1220_Surface_0_Limno.Sample.20160505","FE","Inlet1","2019-05-08","2019-05-08 12:20","Surface",0,0,140,"filter",NA,0.433,0.085,NA,NA,NA,NA
3,"WL_DeepHole_20190508_1100_PML_1_Limno.Sample.20160505","WL","DeepHole","2019-05-08","2019-05-08 11:00","PML",0,1,140,"filter",NA,1.31,0.159,NA,NA,NA,NA
3,"WL_DeepHole_20190508_1100_Hypo_8_Limno.Sample.20160505","WL","DeepHole","2019-05-08","2019-05-08 11:00","Hypo",8,8,140,"filter",NA,0.526,0.081,NA,NA,NA,NA
3,"WL_DeepHole_20190604_840_PML_2_Limno.Sample.20160505","WL","DeepHole","2019-06-04","2019-06-04 8:40","PML",0,2,140,"filter",NA,0.703,0.097,NA,NA,NA,NA
3,"WL_DeepHole_20190604_840_Hypo_8_Limno.Sample.20160505","WL","DeepHole","2019-06-04","2019-06-04 8:40","Hypo",8,8,140,"filter",NA,1.025,0.142,NA,NA,NA,NA
15,"PA_DeepHole_20190605_930_PML_1_Limno.Sample.20160505","PA","DeepHole","2019-06-05","2019-06-05 9:30","PML",0,1,140,"filter",NA,0.52,0.075,NA,NA,NA,NA
3,"FE_Inlet1_20190618_952_Surface_0_Limno.Sample.20160505","FE","Inlet1","2019-06-18","2019-06-18 9:52","Surface",0,0,140,"filter",NA,0.481,0.052,NA,NA,NA,NA
3,"WL_DeepHole_20190618_850_PML_1.5_Limno.Sample.20160505","WL","DeepHole","2019-06-18","2019-06-18 8:50","PML",0,1.5,140,"filter",NA,0.536,0.078,NA,NA,NA,NA
3,"WL_DeepHole_20190618_850_Hypo_8_Limno.Sample.20160505","WL","DeepHole","2019-06-18","2019-06-18 8:50","Hypo",8,8,140,"filter",NA,0.912,0.137,NA,NA,NA,NA
17,"ME_DeepHole_20190619_1333_PML_1_Limno.Sample.20160505","ME","DeepHole","2019-06-19","2019-06-19 13:33","PML",0,1,140,"filter",NA,0.437,0.067,NA,NA,NA,NA
17,"ME_DeepHole_20190619_1333_Hypo_2.5_Limno.Sample.20160505","ME","DeepHole","2019-06-19","2019-06-19 13:33","Hypo",2.5,2.5,140,"filter",NA,0.409,0.064,NA,NA,NA,NA
17,"ME_Outlet_20190619_1333_Surface_0_Limno.Sample.20160505","ME","Outlet","2019-06-19","2019-06-19 13:33","Surface",0,0,140,"filter",NA,0.775,0.086,NA,NA,NA,NA
3,"ME_DeepHole_20190718_1400_PML_2_Limno.Sample.20160505","ME","DeepHole","2019-07-18","2019-07-18 14:00","PML",0,2,140,"filter",NA,0.513,0.078,NA,NA,NA,NA
3,"ME_DeepHole_20190718_1400_Hypo_4_Limno.Sample.20160505","ME","DeepHole","2019-07-18","2019-07-18 14:00","Hypo",4,4,140,"filter",NA,0.646,0.082,NA,NA,NA,NA
3,"ME_Outlet_20190718_1400_Surface_0_Limno.Sample.20160505","ME","Outlet","2019-07-18","2019-07-18 14:00","Surface",0,0,140,"filter",NA,0.724,0.517,NA,NA,NA,NA
15,"HB_DeepHole_20190520_1240_Hypo_3_Limno.Sample.20160505","HB","DeepHole","2019-05-20","2019-05-20 12:40","Hypo",3,3,140,"filter",NA,1.076,0.14,NA,NA,NA,NA
15,"HB_Outlet_20190520_1240_Surface_0_Limno.Sample.20160505","HB","Outlet","2019-05-20","2019-05-20 12:40","Surface",0,0,140,"filter",NA,0.629,0.08,NA,NA,NA,NA
3,"FE_DeepHole_20190521_1008_PML_1_Limno.Sample.20160505","FE","DeepHole","2019-05-21","2019-05-21 10:08","PML",0,1,140,"filter",NA,1.806,0.7,NA,NA,NA,NA
17,"CR_DeepHole_20190731_1050_PML_4_Limno.Sample.20160505","CR","DeepHole","2019-07-31","2019-07-31 10:50","PML",0,4,140,"filter",NA,0.461,0.071,NA,NA,NA,NA
17,"CR_DeepHole_20190731_1050_Hypo_9_Limno.Sample.20160505","CR","DeepHole","2019-07-31","2019-07-31 10:50","Hypo",9,9,140,"filter",NA,0.695,0.114,NA,NA,NA,NA
17,"CR_Outlet_20190731_1050_Surface_0_Limno.Sample.20160505","CR","Outlet","2019-07-31","2019-07-31 10:50","Surface",0,0,140,"filter",NA,0.373,0.076,NA,NA,NA,NA
3,"FE_DeepHole_20190521_1008_Hypo_8_Limno.Sample.20160505","FE","DeepHole","2019-05-21","2019-05-21 10:08","Hypo",8,8,140,"filter",NA,0.61,0.085,NA,NA,NA,NA
34,"PE_DeepHole_20190801_948_Hypo_9_Limno.Sample.20160505","PE","DeepHole","2019-08-01","2019-08-01 9:48","Hypo",9,9,140,"filter",NA,0.727,0.116,NA,NA,NA,NA
15,"HB_DeepHole_20190802_825_PML_0.5_Limno.Sample.20160505","HB","DeepHole","2019-08-02","2019-08-02 8:25","PML",0,0.5,140,"filter",NA,0.711,0.094,NA,NA,NA,NA
3,"FE_Inlet1_20190521_1008_Surface_0_Limno.Sample.20160505","FE","Inlet1","2019-05-21","2019-05-21 10:08","Surface",0,0,140,"filter",NA,0.484,0.054,NA,NA,NA,NA
15,"HB_Outlet_20190803_1345_Surface_0_Limno.Sample.20160505","HB","Outlet","2019-08-03","2019-08-03 13:45","Surface",0,0,100,"filter",NA,4.562,0.446,NA,NA,NA,NA
34,"BY_DeepHole_20190807_1200_PML_3.5_Limno.Sample.20160505","BY","DeepHole","2019-08-07","2019-08-07 12:00","PML",0,3.5,140,"filter",NA,0.52,0.121,NA,NA,NA,NA
34,"BY_DeepHole_20190807_1200_Hypo_7.5_Limno.Sample.20160505","BY","DeepHole","2019-08-07","2019-08-07 12:00","Hypo",7.5,7.5,140,"filter",NA,2.109,0.387,NA,NA,NA,NA
34,"JS_DeepHole_20190807_1350_PML_3.5_Limno.Sample.20160505","JS","DeepHole","2019-08-07","2019-08-07 13:50","PML",0,3.5,140,"filter",NA,0.642,0.088,NA,NA,NA,NA
34,"JS_DeepHole_20190807_1350_Hypo_7_Limno.Sample.20160505","JS","DeepHole","2019-08-07","2019-08-07 13:50","Hypo",7,7,140,"filter",NA,1.511,0.278,NA,NA,NA,NA
34,"PA_DeepHole_20190808_830_PML_2.5_Limno.Sample.20160505","PA","DeepHole","2019-08-08","2019-08-08 8:30","PML",0,2.5,140,"filter",NA,0.659,0.085,NA,NA,NA,NA
3,"WL_DeepHole_20190521_856_PML_2_Limno.Sample.20160505","WL","DeepHole","2019-05-21","2019-05-21 8:56","PML",0,2,140,"filter",NA,0.992,0.146,NA,NA,NA,NA
34,"PA_DeepHole_20190808_830_Hypo_8_Limno.Sample.20160505","PA","DeepHole","2019-08-08","2019-08-08 8:30","Hypo",8,8,140,"filter",NA,0.952,0.139,NA,NA,NA,NA
34,"PE_DeepHole_20190808_1000_Hypo_9_Limno.Sample.20160505","PE","DeepHole","2019-08-08","2019-08-08 10:00","Hypo",9,9,140,"filter",NA,0.768,0.115,NA,NA,NA,NA
3,"FE_DeepHole_20190820_1340_Hypo_8_Limno.Sample.20160505","FE","DeepHole","2019-08-20","2019-08-20 13:40","Hypo",8,8,140,"filter",NA,1.155,0.111,NA,NA,NA,NA
34,"PA_DeepHole_20190822_834_PML_3_Limno.Sample.20160505","PA","DeepHole","2019-08-22","2019-08-22 8:34","PML",0,3,120,"filter",NA,0.859,0.09,NA,NA,NA,NA
34,"PA_DeepHole_20190822_834_Hypo_8_Limno.Sample.20160505","PA","DeepHole","2019-08-22","2019-08-22 8:34","Hypo",8,8,60,"filter",NA,2.524,0.384,NA,NA,NA,NA
37,"AV_DeepHole_20190818_1150_Surface_0_fishScapesLimno.20190319","AV","DeepHole","2019-08-18","2019-08-18 11:50","Surface",0,0,140,"filter",NA,0.763,0.117,NA,NA,NA,NA
37,"BOT_DeepHole_20190820_1310_Surface_0_fishScapesLimno.20190319","BOT","DeepHole","2019-08-20","2019-08-20 13:10","Surface",0,0,100,"filter",NA,1.62,0.275,NA,NA,NA,NA
3,"FE_Inlet1_20190528_1058_Surface_0_Limno.Sample.20160505","FE","Inlet1","2019-05-28","2019-05-28 10:58","Surface",0,0,140,"filter",NA,0.307,0.041,NA,NA,NA,NA
15,"MO_Inlet1_20190603_1010_Surface_0_Limno.Sample.20160505","MO","Inlet1","2019-06-03","2019-06-03 10:10","Surface",0,0,140,"filter",NA,0.401,0.055,NA,NA,NA,NA
15,"MO_Inlet2_20190603_1010_Surface_0_Limno.Sample.20160505","MO","Inlet2","2019-06-03","2019-06-03 10:10","Surface",0,0,140,"filter",NA,0.318,0.045,NA,NA,NA,NA
34,"PE_DeepHole_20190515_1019_PML_1_Limno.Sample.20160505","PE","DeepHole","2019-05-15","2019-05-15 10:19","PML",0,1,140,"filter",NA,0.543,0.089,NA,NA,NA,NA
34,"PE_DeepHole_20190515_1019_Hypo_9_Limno.Sample.20160505","PE","DeepHole","2019-05-15","2019-05-15 10:19","Hypo",9,9,140,"filter",NA,0.812,0.101,NA,NA,NA,NA
17,"MO_DeepHole_20190703_1040_Hypo_4_Limno.Sample.20160505","MO","DeepHole","2019-07-03","2019-07-03 10:40","Hypo",4,4,140,"filter",NA,1.474,0.274,NA,NA,NA,NA
17,"MO_Outlet_20190703_1040_Surface_0_Limno.Sample.20160505","MO","Outlet","2019-07-03","2019-07-03 10:40","Surface",0,0,140,"filter",NA,0.766,0.121,NA,NA,NA,NA
17,"MO_Inlet1_20190703_1040_Surface_0_Limno.Sample.20160505","MO","Inlet1","2019-07-03","2019-07-03 10:40","Surface",0,0,140,"filter",NA,0.499,0.063,NA,NA,NA,NA
34,"PA_DeepHole_20190703_915_PML_2_Limno.Sample.20160505","PA","DeepHole","2019-07-03","2019-07-03 9:15","PML",0,2,140,"filter",NA,0.402,0.063,NA,NA,NA,NA
34,"PA_DeepHole_20190703_915_Hypo_8_Limno.Sample.20160505","PA","DeepHole","2019-07-03","2019-07-03 9:15","Hypo",8,8,140,"filter",NA,1.375,0.188,NA,NA,NA,NA
34,"PE_DeepHole_20190703_1050_PML_1.5_Limno.Sample.20160505","PE","DeepHole","2019-07-03","2019-07-03 10:50","PML",0,1.5,140,"filter",NA,0.534,0.104,NA,NA,NA,NA
15,"CR_DeepHole_20190520_937_PML_3.5_Limno.Sample.20160505","CR","DeepHole","2019-05-20","2019-05-20 9:37","PML",0,3.5,140,"filter",NA,0.454,0.109,NA,NA,NA,NA
15,"CR_DeepHole_20190520_937_Hypo_8_Limno.Sample.20160505","CR","DeepHole","2019-05-20","2019-05-20 9:37","Hypo",8,8,140,"filter",NA,0.752,0.104,NA,NA,NA,NA
15,"CR_Outlet_20190520_937_Surface_0_Limno.Sample.20160505","CR","Outlet","2019-05-20","2019-05-20 9:37","Surface",0,0,140,"filter",NA,0.436,0.073,NA,NA,NA,NA
15,"HB_DeepHole_20190520_1240_PML_0.5_Limno.Sample.20160505","HB","DeepHole","2019-05-20","2019-05-20 12:40","PML",0,0.5,140,"filter",NA,0.898,0.123,NA,NA,NA,NA
17,"NG_DeepHole_20190729_836_Hypo_4.5_Limno.Sample.20160505","NG","DeepHole","2019-07-29","2019-07-29 8:36","Hypo",4.5,4.5,140,"filter",NA,0.903,0.121,NA,NA,NA,NA
3,"FE_DeepHole_20190730_1001_PML_2_Limno.Sample.20160505","FE","DeepHole","2019-07-30","2019-07-30 10:01","PML",0,2,140,"filter",NA,0.733,0.109,NA,NA,NA,NA
3,"FE_DeepHole_20190730_1001_Hypo_8_Limno.Sample.20160505","FE","DeepHole","2019-07-30","2019-07-30 10:01","Hypo",8,8,140,"filter",NA,0.736,0.102,NA,NA,NA,NA
3,"FE_Inlet1_20190730_1001_Surface_0_Limno.Sample.20160505","FE","Inlet1","2019-07-30","2019-07-30 10:01","Surface",0,0,140,"filter",NA,0.514,0.082,NA,NA,NA,NA
3,"ME_DeepHole_20190730_1041_PML_2_Limno.Sample.20160505","ME","DeepHole","2019-07-30","2019-07-30 10:41","PML",0,2,140,"filter",NA,0.831,0.134,NA,NA,NA,NA
3,"ME_DeepHole_20190730_1041_Hypo_3_Limno.Sample.20160505","ME","DeepHole","2019-07-30","2019-07-30 10:41","Hypo",3,3,140,"filter",NA,0.643,0.099,NA,NA,NA,NA
17,"MO_DeepHole_20190731_938_PML_2_Limno.Sample.20160505","MO","DeepHole","2019-07-31","2019-07-31 9:38","PML",0,2,140,"filter",NA,1.439,0.198,NA,NA,NA,NA
17,"MO_DeepHole_20190731_938_Hypo_4.5_Limno.Sample.20160505","MO","DeepHole","2019-07-31","2019-07-31 9:38","Hypo",4.5,4.5,120,"filter",NA,1.585,0.258,NA,NA,NA,NA
17,"MO_Outlet_20190731_938_Surface_0_Limno.Sample.20160505","MO","Outlet","2019-07-31","2019-07-31 9:38","Surface",0,0,70,"filter",NA,2.167,0.26,NA,NA,NA,NA
17,"MO_Inlet3_20190731_938_Surface_0_Limno.Sample.20160505","MO","Inlet3","2019-07-31","2019-07-31 9:38","Surface",0,0,140,"filter",NA,0.572,0.075,NA,NA,NA,NA
33,"BR_DeepHole_20190731_1205_PML_2.5_Limno.Sample.20160505","BR","DeepHole","2019-07-31","2019-07-31 12:05","PML",0,2.5,140,"filter",NA,0.688,0.119,NA,NA,NA,NA
33,"BR_DeepHole_20190731_1205_Hypo_4_Limno.Sample.20160505","BR","DeepHole","2019-07-31","2019-07-31 12:05","Hypo",4,4,140,"filter",NA,2.177,0.333,NA,NA,NA,NA
33,"TF_DeepHole_20190731_1045_PML_4_Limno.Sample.20160505","TF","DeepHole","2019-07-31","2019-07-31 10:45","PML",0,4,140,"filter",NA,0.647,0.104,NA,NA,NA,NA
33,"TF_DeepHole_20190731_1045_Hypo_6.5_Limno.Sample.20160505","TF","DeepHole","2019-07-31","2019-07-31 10:45","Hypo",6.5,6.5,140,"filter",NA,0.716,0.146,NA,NA,NA,NA
34,"PE_DeepHole_20190808_1000_PML_2_Limno.Sample.20160505","PE","DeepHole","2019-08-08","2019-08-08 10:00","PML",0,2,140,"filter",NA,1.176,0.193,NA,NA,NA,NA
15,"CR_DeepHole_20191006_845_Hypo_10_Limno.Sample.20160505","CR","DeepHole","2019-10-06","2019-10-06 8:45","Hypo",10,10,140,"filter",NA,0.557,0.092,NA,NA,NA,NA
3,"WL_DeepHole_20190528_915_PML_2_Limno.Sample.20160505","WL","DeepHole","2019-05-28","2019-05-28 9:15","PML",0,2,140,"filter",NA,0.713,0.106,NA,NA,NA,NA
3,"WL_DeepHole_20190528_915_Hypo_8_Limno.Sample.20160505","WL","DeepHole","2019-05-28","2019-05-28 9:15","Hypo",8,8,140,"filter",NA,0.778,0.133,NA,NA,NA,NA
15,"PA_DeepHole_20190529_838_PML_1.5_Limno.Sample.20160505","PA","DeepHole","2019-05-29","2019-05-29 8:38","PML",0,1.5,140,"filter",NA,0.566,0.083,NA,NA,NA,NA
15,"PA_DeepHole_20190529_838_Hypo_6.5_Limno.Sample.20160505","PA","DeepHole","2019-05-29","2019-05-29 8:38","Hypo",6.5,6.5,140,"filter",NA,1.275,0.178,NA,NA,NA,NA
15,"PE_DeepHole_20190529_1015_PML_1_Limno.Sample.20160505","PE","DeepHole","2019-05-29","2019-05-29 10:15","PML",0,1,140,"filter",NA,0.489,0.079,NA,NA,NA,NA
15,"PE_DeepHole_20190529_1015_Hypo_9_Limno.Sample.20160505","PE","DeepHole","2019-05-29","2019-05-29 10:15","Hypo",9,9,140,"filter",NA,0.693,0.113,NA,NA,NA,NA
33,"CB_DeepHole_20190531_1045_PML_0.75_Limno.Sample.20160505","CB","DeepHole","2019-05-31","2019-05-31 10:45","PML",0,0.75,140,"filter",NA,0.552,0.077,NA,NA,NA,NA
33,"CB_DeepHole_20190531_1045_Hypo_2.5_Limno.Sample.20160505","CB","DeepHole","2019-05-31","2019-05-31 10:45","Hypo",2.5,2.5,140,"filter",NA,0.591,0.083,NA,NA,NA,NA
