"sample","abs","df","runID","TP","projectID","lakeID","site","dateSample","timeSample","depthClass","depthTop","depthBottom","comments","sampleID"
"U1",0.732,1,"TP_run2_20201102.xlsx",121.371025356516,35,"HB","DeepHole","6/3/2020","10:40","point",7,7,"","HB_DeepHole_20200603_1040_point_7_Limno.Sample.20160505"
"U10",0.95,1,"TP_run2_20201102.xlsx",158.603349657536,35,"WA","DeepHole","6/6/2020","11:00","point",5.5,5.5,"","WA_DeepHole_20200606_1100_point_5.5_Limno.Sample.20160505"
"U100",0.159,1,"TP_run3_20201109.xlsx",23.0399820648685,15,"MO","DeepHole","7/20/2020","9:00","PML",0,1,"","MO_DeepHole_20200720_0900_PML_1_Limno.Sample.20160505"
"U101",0.309,1,"TP_run3_20201109.xlsx",48.4345185799596,15,"MO","DeepHole","7/20/2020","9:00","Hypo",4,4,"","MO_DeepHole_20200720_0900_Hypo_4_Limno.Sample.20160505"
"U102",0.178,1,"TP_run3_20201109.xlsx",26.25662335678,15,"MO","Inlet1","7/20/2020","9:00","Surface",0,0,"","MO_Inlet1_20200720_0900_Surface_0_Limno.Sample.20160505"
"U103",0.216,1,"TP_run3_20201109.xlsx",32.6899059406031,15,"MO","Inlet2","7/20/2020","9:00","Surface",0,0,"","MO_Inlet2_20200720_0900_Surface_0_Limno.Sample.20160505"
"U104",0.23,1,"TP_run3_20201109.xlsx",35.0600626820116,15,"MO","Inlet3","7/20/2020","9:00","Surface",0,0,"","MO_Inlet3_20200720_0900_Surface_0_Limno.Sample.20160505"
"U105",0.077,1,"TP_run1_20201028.xlsx",12.0671890470544,3,"WL","DeepHole","7/21/2020","9:57","PML",0,2,"","WL_DeepHole_20200721_0957_PML_2_Limno.Sample.20160505"
"U106",0.187,1,"TP_run1_20201028.xlsx",30.6045660099712,3,"WL","DeepHole","7/21/2020","9:57","Hypo",8,8,"","WL_DeepHole_20200721_0957_Hypo_8_Limno.Sample.20160505"
"U107",0.054,1,"TP_run1_20201028.xlsx",8.19119204571725,3,"FE","DeepHole","7/22/2020","11:45","PML",0,2,"","FE_DeepHole_20200722_1145_PML_2_Limno.Sample.20160505"
"U108",0.453,1,"TP_run1_20201028.xlsx",75.431313938479,3,"FE","DeepHole","7/22/2020","11:45","Hypo",8,8,"","FE_DeepHole_20200722_1145_Hypo_8_Limno.Sample.20160505"
"U109",0.271,1,"TP_run1_20201028.xlsx",44.7603811452894,3,"FE","Inlet1","7/22/2020","11:45","Surface",0,0,"","FE_Inlet1_20200722_1145_Surface_0_Limno.Sample.20160505"
"U11",0.353,1,"TP_run2_20201102.xlsx",56.6414340258445,35,"MI","DeepHole","6/7/2020","10:47","point",10,10,"","MI_DeepHole_20200607_1047_point_10_Limno.Sample.20160505"
"U110",0.043,1,"TP_run1_20201028.xlsx",6.33745434942558,15,"CR","DeepHole","7/23/2020","10:30","PML",0,3.5,"","CR_DeepHole_20200723_1030_PML_3.5_Limno.Sample.20160505"
"U111",0.092,1,"TP_run1_20201028.xlsx",14.5950131783612,15,"CR","DeepHole","7/23/2020","10:30","Hypo",8,8,"","CR_DeepHole_20200723_1030_Hypo_8_Limno.Sample.20160505"
"U112",0.05,1,"TP_run1_20201028.xlsx",7.5171056107021,15,"CR","Outlet","7/23/2020","10:30","Surface",0,0,"","CR_Outlet_20200723_1030_Surface_0_Limno.Sample.20160505"
"U113",0.046,1,"TP_run1_20201028.xlsx",6.84301917568694,17,"BA","DeepHole","7/27/2020","11:30","PML",0,2.5,"","BA_DeepHole_20200727_1130_PML_2.5_Limno.Sample.20160505"
"U114",0.058,1,"TP_run1_20201028.xlsx",8.86527848073241,17,"BA","DeepHole","7/27/2020","11:30","Hypo",7,7,"","BA_DeepHole_20200727_1130_Hypo_7_Limno.Sample.20160505"
"U115",0.115,1,"TP_run1_20201028.xlsx",18.4710101796984,17,"BR","DeepHole","7/27/2020","9:25","PML",0,2,"","BR_DeepHole_20200727_0925_PML_2_Limno.Sample.20160505"
"U116",0.277,1,"TP_run1_20201028.xlsx",45.7715107978122,17,"BR","DeepHole","7/27/2020","9:25","Hypo",4,4,"","BR_DeepHole_20200727_0925_Hypo_4_Limno.Sample.20160505"
"U117",0.097,1,"TP_run1_20201028.xlsx",15.4376212221302,3,"FE","DeepHole","7/28/2020","12:10","PML",0,1,"","FE_DeepHole_20200728_1210_PML_1_Limno.Sample.20160505"
"U118",0.49,1,"TP_run1_20201028.xlsx",81.6666134623692,3,"FE","DeepHole","7/28/2020","12:10","Hypo",8,8,"","FE_DeepHole_20200728_1210_Hypo_8_Limno.Sample.20160505"
"U119",0.254,1,"TP_run1_20201028.xlsx",41.895513796475,3,"FE","Inlet1","7/28/2020","12:10","Surface",0,0,"","FE_Inlet1_20200728_1210_Surface_0_Limno.Sample.20160505"
"U12",0.189,1,"TP_run2_20201102.xlsx",28.6317955608574,35,"PR","DeepHole","6/7/2020","15:00","point",2.5,2.5,"","PR_DeepHole_20200607_1500_point_2.5_Limno.Sample.20160505"
"U120",0.091,1,"TP_run1_20201028.xlsx",14.4264915696074,3,"WL","DeepHole","7/28/2020","10:15","PML",0,1.5,"","WL_DeepHole_20200728_1015_PML_1.5_Limno.Sample.20160505"
"U121",0.372,1,"TP_run1_20201028.xlsx",61.7810636294221,3,"WL","DeepHole","7/28/2020","10:15","Hypo",8,8,"","WL_DeepHole_20200728_1015_Hypo_8_Limno.Sample.20160505"
"U122",0.053,1,"TP_run1_20201028.xlsx",8.02267043696347,17,"PA","DeepHole","7/29/2020","10:15","PML",0,2.5,"","PA_DeepHole_20200729_1015_PML_2.5_Limno.Sample.20160505"
"U123",0.139,1,"TP_run1_20201028.xlsx",22.5155287897893,17,"PA","DeepHole","7/29/2020","10:15","Hypo",7,7,"","PA_DeepHole_20200729_1015_Hypo_7_Limno.Sample.20160505"
"U124",0.052,1,"TP_run1_20201028.xlsx",7.85414882820968,17,"PE","DeepHole","7/29/2020","8:45","PML",0,2,"","PE_DeepHole_20200729_0845_PML_2_Limno.Sample.20160505"
"U125",1.169,1,"TP_run1_20201028.xlsx",196.092785806192,17,"PE","DeepHole","7/29/2020","8:45","Hypo",10,10,"","PE_DeepHole_20200729_0845_Hypo_10_Limno.Sample.20160505"
"U126",0.086,1,"TP_run1_20201028.xlsx",13.5838835258385,17,"TU","DeepHole","7/29/2020","11:30","PML",0,1.5,"","TU_DeepHole_20200729_1130_PML_1.5_Limno.Sample.20160505"
"U127",0.145,1,"TP_run1_20201028.xlsx",23.526658442312,17,"TU","DeepHole","7/29/2020","11:30","Hypo",6,6,"","TU_DeepHole_20200729_1130_Hypo_6_Limno.Sample.20160505"
"U128",0.202,1,"TP_run1_20201028.xlsx",33.132390141278,15,"MO","DeepHole","8/3/2020","8:50","PML",0,1,"","MO_DeepHole_20200803_0850_PML_1_Limno.Sample.20160505"
"U129",0.214,1,"TP_run1_20201028.xlsx",35.1546494463235,15,"MO","DeepHole","8/3/2020","8:50","Hypo",4,4,"","MO_DeepHole_20200803_0850_Hypo_4_Limno.Sample.20160505"
"U13",0.129,1,"TP_run2_20201102.xlsx",18.3843668541547,35,"TF","DeepHole","6/7/2020","11:45","point",7,7,"","TF_DeepHole_20200607_1145_point_7_Limno.Sample.20160505"
"U130",0.125,1,"TP_run1_20201028.xlsx",20.1562262672363,15,"MO","Inlet1","8/3/2020","8:50","Surface",0,0,"","MO_Inlet1_20200803_0850_Surface_0_Limno.Sample.20160505"
"U131",0.197,1,"TP_run1_20201028.xlsx",32.2897820975091,15,"MO","Inlet2","8/3/2020","8:50","Surface",0,0,"","MO_Inlet2_20200803_0850_Surface_0_Limno.Sample.20160505"
"U132",0.292,1,"TP_run1_20201028.xlsx",48.299334929119,15,"MO","Inlet3","8/3/2020","8:50","Surface",0,0,"","MO_Inlet3_20200803_0850_Surface_0_Limno.Sample.20160505"
"U133",0.095,1,"TP_run1_20201028.xlsx",15.1005780046226,3,"FE","DeepHole","8/4/2020","10:45","PML",0,2,"","FE_DeepHole_20200804_1045_PML_2_Limno.Sample.20160505"
"U134",0.441,1,"TP_run1_20201028.xlsx",73.4090546334336,3,"FE","DeepHole","8/4/2020","10:45","Hypo",8,8,"","FE_DeepHole_20200804_1045_Hypo_8_Limno.Sample.20160505"
"U135",0.605,1,"TP_run1_20201028.xlsx",101.046598469055,3,"FE","Inlet1","8/4/2020","10:45","Surface",0,0,"","FE_Inlet1_20200804_1045_Surface_0_Limno.Sample.20160505"
"U136",0.073,1,"TP_run1_20201028.xlsx",11.3931026120392,3,"WL","DeepHole","8/4/2020","8:45","PML",0,2.5,"","WL_DeepHole_20200804_0845_PML_2.5_Limno.Sample.20160505"
"U137",0.351,1,"TP_run1_20201028.xlsx",58.2421098455925,3,"WL","DeepHole","8/4/2020","8:45","Hypo",8,8,"","WL_DeepHole_20200804_0845_Hypo_8_Limno.Sample.20160505"
"U138",0.115,1,"TP_reruns_20210419.xlsx",17.8545217532822,15,"HB","DeepHole","8/5/2020","8:55","PML",0,1,"","HB_DeepHole_20200805_0855_PML_1_Limno.Sample.20160505"
"U138",0.097,1,"TP_run1_20201028.xlsx",15.4376212221302,15,"HB","DeepHole","8/5/2020","8:55","PML",0,1,"","HB_DeepHole_20200805_0855_PML_1_Limno.Sample.20160505"
"U138",0.361,1,"TP_run1_20201028.xlsx",59.9273259331304,15,"HB","DeepHole","8/5/2020","8:55","PML",0,1,"","HB_DeepHole_20200805_0855_PML_1_Limno.Sample.20160505"
"U139",0.203,1,"TP_run1_20201028.xlsx",33.3009117500318,15,"HB","DeepHole","8/5/2020","8:55","Hypo",4,4,"","HB_DeepHole_20200805_0855_Hypo_4_Limno.Sample.20160505"
"U14",0.094,1,"TP_run2_20201102.xlsx",12.4067001085782,3,"FE","DeepHole","6/9/2020","11:48","PML",0,0.5,"","FE_DeepHole_20200609_1148_PML_0.5_Limno.Sample.20160505"
"U140",0.11,1,"TP_run1_20201028.xlsx",17.6284021359294,15,"HB","Outlet","8/5/2020","8:55","Surface",0,0,"","HB_Outlet_20200805_0855_Surface_0_Limno.Sample.20160505"
"U141",0.041,1,"TP_run1_20201028.xlsx",6.000411131918,15,"CR","DeepHole","8/6/2020","9:22","PML",0,3.5,"","CR_DeepHole_20200806_0922_PML_3.5_Limno.Sample.20160505"
"U142",0.114,1,"TP_run3_20201109.xlsx",15.4216211103411,15,"CR","DeepHole","8/6/2020","9:22","Hypo",8,8,"","CR_DeepHole_20200806_0922_Hypo_8_Limno.Sample.20160505"
"U143",0.063,1,"TP_run1_20201028.xlsx",9.70788652450135,15,"CR","Outlet","8/6/2020","9:22","Surface",0,0,"","CR_Outlet_20200806_0922_Surface_0_Limno.Sample.20160505"
"U144",0.1,1,"TP_run1_20201028.xlsx",15.9431860483915,3,"FE","DeepHole","8/11/2020","10:45","PML",0,1,"","FE_DeepHole_20200811_1045_PML_1_Limno.Sample.20160505"
"U145",0.481,1,"TP_run1_20201028.xlsx",80.1499189835851,3,"FE","DeepHole","8/11/2020","10:45","Hypo",8,8,"","FE_DeepHole_20200811_1045_Hypo_8_Limno.Sample.20160505"
"U146",0.437,1,"TP_run3_20201109.xlsx",70.1045230728374,3,"FE","Inlet1","8/11/2020","10:45","Surface",0,0,"","FE_Inlet1_20200811_1045_Surface_0_Limno.Sample.20160505"
"U147",0.084,1,"TP_run1_20201028.xlsx",13.2468403083309,3,"WL","DeepHole","8/11/2020","9:48","PML",0,1.5,"","WL_DeepHole_20200811_0948_PML_1.5_Limno.Sample.20160505"
"U148",0.365,1,"TP_reruns_20210419.xlsx",60.8769807998771,3,"WL","DeepHole","8/11/2020","9:48","Hypo",8,8,"","WL_DeepHole_20200811_0948_Hypo_8_Limno.Sample.20160505"
"U149",0.254,1,"TP_run1_20201028.xlsx",41.895513796475,17,"BO","DeepHole","8/12/2020","10:55","PML",0,0,"","BO_DeepHole_20200812_1055_PML_0_Limno.Sample.20160505"
"U15",0.309,1,"TP_run2_20201102.xlsx",49.1266529742626,3,"FE","DeepHole","6/9/2020","11:48","Hypo",8,8,"","FE_DeepHole_20200609_1148_Hypo_8_Limno.Sample.20160505"
"U150",0.46,1,"TP_run3_20201109.xlsx",73.9983520051514,17,"BO","DeepHole","8/12/2020","10:55","Hypo",2,2,"","BO_DeepHole_20200812_1055_Hypo_2_Limno.Sample.20160505"
"U151",0.079,1,"TP_run3_20201109.xlsx",9.49622925681984,17,"CB","DeepHole","8/12/2020","9:15","PML",0,0.5,"","CB_DeepHole_20200812_0915_PML_0.5_Limno.Sample.20160505"
"U152",0.105,1,"TP_run1_20201028.xlsx",16.7857940921605,17,"CB","DeepHole","8/12/2020","9:15","Hypo",3,3,"","CB_DeepHole_20200812_0915_Hypo_3_Limno.Sample.20160505"
"U153",0.094,1,"TP_run3_20201109.xlsx",12.035682908329,17,"NG","DeepHole","8/14/2020","10:00","PML",0,0,"","NG_DeepHole_20200814_1000_PML_0_Limno.Sample.20160505"
"U154",0.141,1,"TP_run1_20201028.xlsx",22.8525720072969,17,"NG","DeepHole","8/14/2020","10:00","Hypo",3.5,3.5,"","NG_DeepHole_20200814_1000_Hypo_3.5_Limno.Sample.20160505"
"U155",0.07,1,"TP_run1_20201028.xlsx",10.8875377857779,17,"WA","DeepHole","8/14/2020","11:15","PML",0,0.5,"","WA_DeepHole_20200814_1115_PML_0.5_Limno.Sample.20160505"
"U156",0.242,1,"TP_run1_20201028.xlsx",39.8732544914296,17,"WA","DeepHole","8/14/2020","11:15","Hypo",4,4,"","WA_DeepHole_20200814_1115_Hypo_4_Limno.Sample.20160505"
"U157",0.051,1,"TP_run1_20201028.xlsx",7.68562721945589,15,"CR","DeepHole","8/17/2020","9:30","PML",0,3,"","CR_DeepHole_20200817_0930_PML_3_Limno.Sample.20160505"
"U158",0.1,1,"TP_run1_20201028.xlsx",15.9431860483915,15,"CR","DeepHole","8/17/2020","9:30","Hypo",8,8,"","CR_DeepHole_20200817_0930_Hypo_8_Limno.Sample.20160505"
"U159",0.077,1,"TP_run3_20201109.xlsx",9.15763543661862,15,"CR","Outlet","8/17/2020","9:30","Surface",0,0,"","CR_Outlet_20200817_0930_Surface_0_Limno.Sample.20160505"
"U16",0.808,1,"TP_run2_20201102.xlsx",134.351101718339,3,"FE","Inlet1","6/9/2020","11:48","Surface",0,0,"","FE_Inlet1_20200609_1148_Surface_0_Limno.Sample.20160505"
"U160",0.104,1,"TP_run1_20201028.xlsx",16.6172724834067,15,"HB","DeepHole","8/18/2020","9:50","PML",0,0.5,"","HB_DeepHole_20200818_0950_PML_0.5_Limno.Sample.20160505"
"U161",0.279,1,"TP_run3_20201109.xlsx",43.3556112769414,15,"HB","DeepHole","8/18/2020","9:50","Hypo",4,4,"","HB_DeepHole_20200818_0950_Hypo_4_Limno.Sample.20160505"
"U162",0.114,1,"TP_run3_20201109.xlsx",15.4216211103411,15,"HB","Outlet","8/18/2020","9:50","Surface",0,0,"","HB_Outlet_20200818_0950_Surface_0_Limno.Sample.20160505"
"U163",0.144,1,"TP_run1_20201028.xlsx",23.3581368335583,15,"MO","DeepHole","8/19/2020","10:15","PML",0,1.5,"","MO_DeepHole_20200819_1015_PML_1.5_Limno.Sample.20160505"
"U164",0.398,1,"TP_run3_20201109.xlsx",63.5019435789137,15,"MO","DeepHole","8/19/2020","10:15","Hypo",4.5,4.5,"","MO_DeepHole_20200819_1015_Hypo_4.5_Limno.Sample.20160505"
"U165",0.149,1,"TP_run3_20201109.xlsx",21.3470129638624,15,"MO","Inlet1","8/19/2020","10:15","Surface",0,0,"","MO_Inlet1_20200819_1015_Surface_0_Limno.Sample.20160505"
"U166",0.188,1,"TP_run3_20201109.xlsx",27.9495924577861,15,"MO","Inlet2","8/19/2020","10:15","Surface",0,0,"","MO_Inlet2_20200819_1015_Surface_0_Limno.Sample.20160505"
"U167",0.109,1,"TP_run3_20201109.xlsx",14.5751365598381,3,"FE","DeepHole","8/20/2020","11:32","PML",0,1.5,"","FE_DeepHole_20200820_1132_PML_1.5_Limno.Sample.20160505"
"U168",0.515,1,"TP_run3_20201109.xlsx",83.3096820606848,3,"FE","DeepHole","8/20/2020","11:32","Hypo",8,8,"","FE_DeepHole_20200820_1132_Hypo_8_Limno.Sample.20160505"
"U169",0.622,2,"TP_run3_20201109.xlsx",202.8489028829,3,"FE","Inlet1","8/20/2020","11:32","Surface",0,0,"","FE_Inlet1_20200820_1132_Surface_0_Limno.Sample.20160505"
"U17",0.067,1,"TP_run2_20201102.xlsx",7.79535719056204,3,"WL","DeepHole","6/9/2020","10:20","PML",0,1,"","WL_DeepHole_20200609_1020_PML_1_Limno.Sample.20160505"
"U170",0.08,1,"TP_run1_20201028.xlsx",12.5727538733158,17,"ME","DeepHole","8/20/2020","10:54","PML",0,2,"","ME_DeepHole_20200820_1054_PML_2_Limno.Sample.20160505"
"U171",0.128,1,"TP_run1_20201028.xlsx",20.6617910934976,17,"ME","DeepHole","8/20/2020","10:54","Hypo",3.5,3.5,"","ME_DeepHole_20200820_1054_Hypo_3.5_Limno.Sample.20160505"
"U172",0.151,1,"TP_run3_20201109.xlsx",21.6856067840636,17,"ME","Outlet","8/20/2020","10:54","Surface",0,0,"","ME_Outlet_20200820_1054_Surface_0_Limno.Sample.20160505"
"U173",0.091,1,"TP_run3_20201109.xlsx",11.5277921780271,3,"WL","DeepHole","8/20/2020","9:10","PML",0,2,"","WL_DeepHole_20200820_0910_PML_2_Limno.Sample.20160505"
"U174",0.427,1,"TP_run3_20201109.xlsx",68.4115539718313,3,"WL","DeepHole","8/20/2020","9:10","Hypo",8,8,"","WL_DeepHole_20200820_0910_Hypo_8_Limno.Sample.20160505"
"U175",0.082,1,"TP_run3_20201109.xlsx",10.0041199871217,35,"NH","DeepHole","8/24/2020","10:50","PML",0,2,"","NH_DeepHole_20200824_1050_PML_2_Limno.Sample.20160505"
"U176",0.237,1,"TP_run3_20201109.xlsx",36.2451410527158,35,"NH","DeepHole","8/24/2020","10:50","Hypo",3,3,"","NH_DeepHole_20200824_1050_Hypo_3_Limno.Sample.20160505"
"U177",0.072,1,"TP_run1_20201028.xlsx",11.2245810032855,35,"SE","DeepHole","8/24/2020","11:55","PML",0,5,"","SE_DeepHole_20200824_1155_PML_5_Limno.Sample.20160505"
"U178",0.159,1,"TP_run3_20201109.xlsx",23.0399820648685,35,"SE","DeepHole","8/24/2020","11:55","Hypo",5.5,5.5,"","SE_DeepHole_20200824_1155_Hypo_5.5_Limno.Sample.20160505"
"U179",0.132,1,"TP_run3_20201109.xlsx",18.468965492152,35,"BH","DeepHole","8/25/2020","9:50","PML",0,5,"","BH_DeepHole_20200825_0950_PML_5_Limno.Sample.20160505"
"U18",0.228,1,"TP_run2_20201102.xlsx",35.2926242202141,3,"WL","DeepHole","6/9/2020","10:20","Hypo",8,8,"","WL_DeepHole_20200609_1020_Hypo_8_Limno.Sample.20160505"
"U180",0.322,1,"TP_run3_20201109.xlsx",50.6353784112675,35,"BH","DeepHole","8/25/2020","9:50","Hypo",10,10,"","BH_DeepHole_20200825_0950_Hypo_10_Limno.Sample.20160505"
"U181",0.085,1,"TP_run3_20201109.xlsx",10.5120107174235,35,"HH","DeepHole","8/25/2020","11:10","PML",0,4,"","HH_DeepHole_20200825_1110_PML_4_Limno.Sample.20160505"
"U182",0.245,1,"TP_run3_20201109.xlsx",37.5995163335207,35,"HH","DeepHole","8/25/2020","11:10","Hypo",5.5,5.5,"","HH_DeepHole_20200825_1110_Hypo_5.5_Limno.Sample.20160505"
"U183",0.102,1,"TP_run1_20201028.xlsx",16.2802292658991,35,"MI","DeepHole","8/26/2020","10:25","PML",0,0.5,"","MI_DeepHole_20200826_1025_PML_0.5_Limno.Sample.20160505"
"U184",0.422,1,"TP_run1_20201028.xlsx",70.2071440671116,35,"MI","DeepHole","8/26/2020","10:25","Hypo",9,9,"","MI_DeepHole_20200826_1025_Hypo_9_Limno.Sample.20160505"
"U185",0.106,1,"TP_run1_20201028.xlsx",16.9543157009143,35,"TR","DeepHole","8/26/2020","9:15","PML",0,0.5,"","TR_DeepHole_20200826_0915_PML_0.5_Limno.Sample.20160505"
"U186",0.148,1,"TP_run3_20201109.xlsx",21.1777160537618,35,"TR","DeepHole","8/26/2020","9:15","Hypo",5,5,"","TR_DeepHole_20200826_0915_Hypo_5_Limno.Sample.20160505"
"U187",0.083,1,"TP_run3_20201109.xlsx",10.1734168972223,35,"WL","DeepHole","8/26/2020","11:37","PML",0,1.5,"","WL_DeepHole_20200826_1137_PML_1.5_Limno.Sample.20160505"
"U188",0.424,1,"TP_run3_20201109.xlsx",67.9036632415295,35,"WL","DeepHole","8/26/2020","11:37","Hypo",8,8,"","WL_DeepHole_20200826_1137_Hypo_8_Limno.Sample.20160505"
"U189",0.176,1,"TP_run3_20201109.xlsx",25.9180295365788,35,"CYB","DeepHole","8/27/2020","10:15","PML",0,0.5,"","CYB_DeepHole_20200827_1015_PML_0.5_Limno.Sample.20160505"
"U19",0.098,1,"TP_run1_20201028.xlsx",15.606142830884,15,"HB","DeepHole","6/10/2020","11:40","PML",0,0.5,"","HB_DeepHole_20200610_1140_PML_0.5_Limno.Sample.20160505"
"U190",0.195,1,"TP_run3_20201109.xlsx",29.1346708284903,35,"CYB","DeepHole","8/27/2020","10:15","Hypo",2,2,"","CYB_DeepHole_20200827_1015_Hypo_2_Limno.Sample.20160505"
"U191",0.146,1,"TP_run3_20201109.xlsx",20.8391222335605,35,"TB","DeepHole","8/27/2020","11:15","PML",0,0.5,"","TB_DeepHole_20200827_1115_PML_0.5_Limno.Sample.20160505"
"U192",0.173,1,"TP_run3_20201109.xlsx",25.410138806277,35,"TB","DeepHole","8/27/2020","11:15","Hypo",3.5,3.5,"","TB_DeepHole_20200827_1115_Hypo_3.5_Limno.Sample.20160505"
"U193",0.106,1,"TP_run3_20201109.xlsx",14.0672458295362,41,"JO","DeepHole","9/1/2020","8:55","PML",0,3,"","JO_DeepHole_20200901_0855_PML_3_Limno.Sample.20160505"
"U194",0.158,1,"TP_run3_20201109.xlsx",22.8706851547678,41,"JO","DeepHole","9/1/2020","8:55","Hypo",4.5,4.5,"","JO_DeepHole_20200901_0855_Hypo_4.5_Limno.Sample.20160505"
"U2",0.086,1,"TP_run2_20201102.xlsx",11.0403762810179,3,"WL","DeepHole","6/4/2020","9:15","PML",0,1,"","WL_DeepHole_20200604_0915_PML_1_Limno.Sample.20160505"
"U20",0.23,1,"TP_run1_20201028.xlsx",37.8509951863841,15,"HB","DeepHole","6/10/2020","11:40","Hypo",4,4,"","HB_DeepHole_20200610_1140_Hypo_4_Limno.Sample.20160505"
"U21",0.119,1,"TP_run2_20201102.xlsx",16.6764620697043,15,"HB","Outlet","6/10/2020","11:40","Surface",0,0,"","HB_Outlet_20200610_1140_Surface_0_Limno.Sample.20160505"
"U22",0.062,1,"TP_run1_20201028.xlsx",9.53936491574757,17,"ME","DeepHole","6/10/2020","9:36","PML",0,1,"","ME_DeepHole_20200610_0936_PML_1_Limno.Sample.20160505"
"U23",0.095,1,"TP_run1_20201028.xlsx",15.1005780046226,17,"ME","DeepHole","6/10/2020","9:36","Hypo",3.5,3.5,"","ME_DeepHole_20200610_0936_Hypo_3.5_Limno.Sample.20160505"
"U24",0.093,1,"TP_run2_20201102.xlsx",12.2359096301332,17,"ME","Outlet","6/10/2020","9:36","Surface",0,0,"","ME_Outlet_20200610_0936_Surface_0_Limno.Sample.20160505"
"U25",0.06,1,"TP_run1_20201028.xlsx",9.20232169823999,15,"CR","DeepHole","6/11/2020","9:30","PML",0,2.5,"","CR_DeepHole_20200611_0930_PML_2.5_Limno.Sample.20160505"
"U26",0.564,1,"TP_run1_20201028.xlsx",94.1372125101496,15,"CR","DeepHole","6/11/2020","9:30","Hypo",8,8,"","CR_DeepHole_20200611_0930_Hypo_8_Limno.Sample.20160505"
"U26",0.656,1,"TP_reruns_20210419.xlsx",110.955123130114,15,"CR","DeepHole","6/11/2020","9:30","Hypo",8,8,"","CR_DeepHole_20200611_0930_Hypo_8_Limno.Sample.20160505"
"U27",0.095,1,"TP_run1_20201028.xlsx",15.1005780046226,15,"CR","Outlet","6/11/2020","9:30","Surface",0,0,"","CR_Outlet_20200611_0930_Surface_0_Limno.Sample.20160505"
"U28",0.098,1,"TP_run1_20201028.xlsx",15.606142830884,15,"MO","DeepHole","6/12/2020","9:25","PML",0,1.5,"","MO_DeepHole_20200612_0925_PML_1.5_Limno.Sample.20160505"
"U29",0.41,1,"TP_run2_20201102.xlsx",66.376491297212,15,"MO","DeepHole","6/12/2020","9:25","Hypo",4.5,4.5,"","MO_DeepHole_20200612_0925_Hypo_4.5_Limno.Sample.20160505"
"U3",0.262,1,"TP_run2_20201102.xlsx",41.0995004873455,3,"WL","DeepHole","6/4/2020","9:15","Hypo",8,8,"","WL_DeepHole_20200604_0915_Hypo_8_Limno.Sample.20160505"
"U30",0.146,1,"TP_run2_20201102.xlsx",21.2878049877205,15,"MO","Inlet1","6/12/2020","9:25","Surface",0,0,"","MO_Inlet1_20200612_0925_Surface_0_Limno.Sample.20160505"
"U31",0.136,1,"TP_run2_20201102.xlsx",19.57990020327,15,"MO","Inlet2","6/12/2020","9:25","Surface",0,0,"","MO_Inlet2_20200612_0925_Surface_0_Limno.Sample.20160505"
"U32",0.258,1,"TP_run2_20201102.xlsx",40.4163385735654,15,"MO","Inlet3","6/12/2020","9:25","Surface",0,0,"","MO_Inlet3_20200612_0925_Surface_0_Limno.Sample.20160505"
"U33",0.185,1,"TP_run2_20201102.xlsx",27.9486336470772,17,"BR","DeepHole","6/15/2020","11:42","PML",0,2,"","BR_DeepHole_20200615_1142_PML_2_Limno.Sample.20160505"
"U34",0.2,1,"TP_run2_20201102.xlsx",30.5104908237528,17,"BR","DeepHole","6/15/2020","11:42","Hypo",3.5,3.5,"","BR_DeepHole_20200615_1142_Hypo_3.5_Limno.Sample.20160505"
"U35",0.059,1,"TP_run2_20201102.xlsx",6.42903336300169,17,"BA","DeepHole","6/15/2020","14:00","PML",0,2.5,"","BA_DeepHole_20200615_1400_PML_2.5_Limno.Sample.20160505"
"U36",0.1,1,"TP_run2_20201102.xlsx",13.4314429792485,17,"BA","DeepHole","6/15/2020","14:00","Hypo",6.5,6.5,"","BA_DeepHole_20200615_1400_Hypo_6.5_Limno.Sample.20160505"
"U37",0.107,1,"TP_run2_20201102.xlsx",14.6269763283638,3,"FE","DeepHole","6/16/2020","10:35","PML",0,1.5,"","FE_DeepHole_20200616_1035_PML_1.5_Limno.Sample.20160505"
"U38",0.325,1,"TP_run2_20201102.xlsx",51.8593006293833,3,"FE","DeepHole","6/16/2020","10:35","Hypo",8,8,"","FE_DeepHole_20200616_1035_Hypo_8_Limno.Sample.20160505"
"U39",0.362,1,"TP_run2_20201102.xlsx",58.1785483318499,3,"FE","Inlet1","6/16/2020","10:35","Surface",0,0,"","FE_Inlet1_20200616_1035_Surface_0_Limno.Sample.20160505"
"U4",0.124,1,"TP_run2_20201102.xlsx",17.5304144619295,3,"FE","DeepHole","6/4/2020","10:45","PML",0,0.5,"","FE_DeepHole_20200604_1045_PML_0.5_Limno.Sample.20160505"
"U40",0.066,1,"TP_run2_20201102.xlsx",7.62456671211699,3,"WL","DeepHole","6/16/2020","8:56","PML",0,2,"","WL_DeepHole_20200616_0856_PML_2_Limno.Sample.20160505"
"U41",0.262,1,"TP_run2_20201102.xlsx",41.0995004873455,3,"WL","DeepHole","6/16/2020","8:56","Hypo",8,8,"","WL_DeepHole_20200616_0856_Hypo_8_Limno.Sample.20160505"
"U42",0.068,1,"TP_run2_20201102.xlsx",7.96614766900708,17,"PA","DeepHole","6/17/2020","9:20","PML",0,2,"","PA_DeepHole_20200617_0920_PML_2_Limno.Sample.20160505"
"U43",0.073,1,"TP_run2_20201102.xlsx",8.8201000612323,17,"PA","DeepHole","6/17/2020","9:20","Hypo",5.5,5.5,"","PA_DeepHole_20200617_0920_Hypo_5.5_Limno.Sample.20160505"
"U44",0.052,1,"TP_run2_20201102.xlsx",5.23350001388638,17,"PE","DeepHole","6/17/2020","10:38","PML",0,2,"","PE_DeepHole_20200617_1038_PML_2_Limno.Sample.20160505"
"U45",0.586,1,"TP_run2_20201102.xlsx",96.4356155035397,17,"PE","DeepHole","6/17/2020","10:38","Hypo",9,9,"","PE_DeepHole_20200617_1038_Hypo_9_Limno.Sample.20160505"
"U46",0.144,1,"TP_run2_20201102.xlsx",20.9462240308304,15,"MO","DeepHole","6/22/2020","9:05","PML",0,3.5,"","MO_DeepHole_20200622_0905_PML_3.5_Limno.Sample.20160505"
"U47",0.375,1,"TP_run2_20201102.xlsx",60.3988245516355,15,"MO","DeepHole","6/22/2020","9:05","Hypo",7,7,"","MO_DeepHole_20200622_0905_Hypo_7_Limno.Sample.20160505"
"U48",0.141,1,"TP_run2_20201102.xlsx",20.4338525954953,15,"MO","Inlet1","6/22/2020","9:05","Surface",0,0,"","MO_Inlet1_20200622_0905_Surface_0_Limno.Sample.20160505"
"U49",0.216,1,"TP_run2_20201102.xlsx",33.2431384788735,15,"MO","Inlet2","6/22/2020","9:05","Surface",0,0,"","MO_Inlet2_20200622_0905_Surface_0_Limno.Sample.20160505"
"U5",0.39,1,"TP_run2_20201102.xlsx",62.9606817283111,3,"FE","DeepHole","6/4/2020","10:45","Hypo",8,8,"","FE_DeepHole_20200604_1045_Hypo_8_Limno.Sample.20160505"
"U50",0.384,1,"TP_run2_20201102.xlsx",61.9359388576409,15,"MO","Inlet3","6/22/2020","9:05","Surface",0,0,"","MO_Inlet3_20200622_0905_Surface_0_Limno.Sample.20160505"
"U51",0.109,1,"TP_run2_20201102.xlsx",14.9685572852539,3,"FE","DeepHole","6/23/2020","11:25","PML",0,1.5,"","FE_DeepHole_20200623_1125_PML_1.5_Limno.Sample.20160505"
"U52",0.404,1,"TP_run2_20201102.xlsx",65.3517484265417,3,"FE","DeepHole","6/23/2020","11:25","Hypo",8,8,"","FE_DeepHole_20200623_1125_Hypo_8_Limno.Sample.20160505"
"U53",0.84,1,"TP_run2_20201102.xlsx",139.816397028581,3,"FE","Inlet1","6/23/2020","11:25","Surface",0,0,"","FE_Inlet1_20200623_1125_Surface_0_Limno.Sample.20160505"
"U54",0.077,1,"TP_run2_20201102.xlsx",9.50326197501247,3,"WL","DeepHole","6/23/2020","9:45","PML",0,1.5,"","WL_DeepHole_20200623_0945_PML_1.5_Limno.Sample.20160505"
"U55",0.26,1,"TP_run2_20201102.xlsx",40.7579195304555,3,"WL","DeepHole","6/23/2020","9:45","Hypo",8,8,"","WL_DeepHole_20200623_0945_Hypo_8_Limno.Sample.20160505"
"U56",0.119,1,"TP_run2_20201102.xlsx",16.6764620697043,15,"HB","DeepHole","6/24/2020","10:53","PML",0,0.5,"","HB_DeepHole_20200624_1053_PML_0.5_Limno.Sample.20160505"
"U57",0.234,1,"TP_run2_20201102.xlsx",36.3173670908843,15,"HB","DeepHole","6/24/2020","10:53","Hypo",4,4,"","HB_DeepHole_20200624_1053_Hypo_4_Limno.Sample.20160505"
"U58",0.127,1,"TP_run2_20201102.xlsx",18.0427858972647,15,"HB","Outlet","6/24/2020","10:53","Surface",0,0,"","HB_Outlet_20200624_1053_Surface_0_Limno.Sample.20160505"
"U59",0.078,1,"TP_run2_20201102.xlsx",9.67405245345752,17,"ME","DeepHole","6/24/2020","8:52","PML",0,1.5,"","ME_DeepHole_20200624_0852_PML_1.5_Limno.Sample.20160505"
"U6",0.763,1,"TP_run2_20201102.xlsx",126.665530188312,3,"FE","Inlet1","6/4/2020","10:45","Surface",0,0,"","FE_Inlet1_20200604_1045_Surface_0_Limno.Sample.20160505"
"U60",0.1,1,"TP_run2_20201102.xlsx",13.4314429792485,17,"ME","DeepHole","6/24/2020","8:52","Hypo",3,3,"","ME_DeepHole_20200624_0852_Hypo_3_Limno.Sample.20160505"
"U61",0.097,1,"TP_run2_20201102.xlsx",12.9190715439133,17,"ME","Outlet","6/24/2020","8:52","Surface",0,0,"","ME_Outlet_20200624_0852_Surface_0_Limno.Sample.20160505"
"U62",0.077,1,"TP_run2_20201102.xlsx",9.50326197501247,15,"CR","DeepHole","6/25/2020","10:06","PML",0,2.5,"","CR_DeepHole_20200625_1006_PML_2.5_Limno.Sample.20160505"
"U63",0.096,1,"TP_run2_20201102.xlsx",12.7482810654683,15,"CR","DeepHole","6/25/2020","10:06","Hypo",11,11,"","CR_DeepHole_20200625_1006_Hypo_11_Limno.Sample.20160505"
"U64",0.096,1,"TP_run2_20201102.xlsx",12.7482810654683,15,"CR","Outlet","6/25/2020","10:06","Surface",0,0,"","CR_Outlet_20200625_1006_Surface_0_Limno.Sample.20160505"
"U65",0.091,1,"TP_run2_20201102.xlsx",11.8943286732431,17,"TU","DeepHole","6/25/2020","12:31","PML",0,1.5,"","TU_DeepHole_20200625_1231_PML_1.5_Limno.Sample.20160505"
"U66",0.171,1,"TP_run2_20201102.xlsx",25.5575669488466,17,"TU","DeepHole","6/25/2020","12:31","Hypo",7,7,"","TU_DeepHole_20200625_1231_Hypo_7_Limno.Sample.20160505"
"U67",0.078,1,"TP_run2_20201102.xlsx",9.67405245345752,17,"WA","DeepHole","6/29/2020","8:54","PML",0,1,"","WA_DeepHole_20200629_0854_PML_1_Limno.Sample.20160505"
"U68",0.15,1,"TP_run2_20201102.xlsx",21.9709669015007,17,"WA","DeepHole","6/29/2020","8:54","Hypo",3.5,3.5,"","WA_DeepHole_20200629_0854_Hypo_3.5_Limno.Sample.20160505"
"U69",0.095,1,"TP_run2_20201102.xlsx",12.5774905870233,3,"FE","DeepHole","6/30/2020","11:30","PML",0,1,"","FE_DeepHole_20200630_1130_PML_1_Limno.Sample.20160505"
"U7",0.272,1,"TP_run2_20201102.xlsx",42.807405271796,35,"BR","DeepHole","6/6/2020","13:54","point",5.5,5.5,"","BR_DeepHole_20200606_1354_point_5.5_Limno.Sample.20160505"
"U70",0.214,1,"TP_run2_20201102.xlsx",32.9015575219834,3,"FE","DeepHole","6/30/2020","11:30","Hypo",8,8,"","FE_DeepHole_20200630_1130_Hypo_8_Limno.Sample.20160505"
"U71",0.083,1,"TP_run2_20201102.xlsx",10.5280048456827,3,"WL","DeepHole","6/30/2020","9:58","PML",0,1,"","WL_DeepHole_20200630_0958_PML_1_Limno.Sample.20160505"
"U72",0.365,1,"TP_run2_20201102.xlsx",58.690919767185,3,"WL","DeepHole","6/30/2020","9:58","Hypo",8,8,"","WL_DeepHole_20200630_0958_Hypo_8_Limno.Sample.20160505"
"U73",0.166,1,"TP_run3_20201109.xlsx",24.2250604355727,17,"BO","DeepHole","7/1/2020","10:41","PML",0,0.25,"","BO_DeepHole_20200701_1041_PML_0.25_Limno.Sample.20160505"
"U74",0.465,1,"TP_run3_20201109.xlsx",74.8448365556544,17,"BO","DeepHole","7/1/2020","10:41","Hypo",2,2,"","BO_DeepHole_20200701_1041_Hypo_2_Limno.Sample.20160505"
"U75",0.094,1,"TP_run2_20201102.xlsx",12.4067001085782,17,"CB","DeepHole","7/1/2020","9:09","PML",0,0.5,"","CB_DeepHole_20200701_0909_PML_0.5_Limno.Sample.20160505"
"U76",0.14,1,"TP_run3_20201109.xlsx",19.8233407729569,17,"CB","DeepHole","7/1/2020","9:09","Hypo",3,3,"","CB_DeepHole_20200701_0909_Hypo_3_Limno.Sample.20160505"
"U77",0.099,1,"TP_run3_20201109.xlsx",12.882167458832,17,"NG","DeepHole","7/3/2020","9:20","PML",0,0.25,"","NG_DeepHole_20200703_0920_PML_0.25_Limno.Sample.20160505"
"U78",0.121,1,"TP_run3_20201109.xlsx",16.6066994810454,17,"NG","DeepHole","7/3/2020","9:20","Hypo",4,4,"","NG_DeepHole_20200703_0920_Hypo_4_Limno.Sample.20160505"
"U79",0.139,1,"TP_run3_20201109.xlsx",19.6540438628563,15,"MO","DeepHole","7/6/2020","9:01","PML",0,0.5,"","MO_DeepHole_20200706_0901_PML_0.5_Limno.Sample.20160505"
"U8",0.374,1,"TP_run2_20201102.xlsx",60.2280340731904,35,"CB","DeepHole","6/6/2020","10:10","point",5.5,5.5,"","CB_DeepHole_20200606_1010_point_5.5_Limno.Sample.20160505"
"U80",0.313,1,"TP_run3_20201109.xlsx",49.111706220362,15,"MO","DeepHole","7/6/2020","9:01","Hypo",3.5,3.5,"","MO_DeepHole_20200706_0901_Hypo_3.5_Limno.Sample.20160505"
"U81",0.317,1,"TP_reruns_20210419.xlsx",52.6166686629309,15,"MO","Inlet1","7/6/2020","9:01","Surface",0,0,"","MO_Inlet1_20200706_0901_Surface_0_Limno.Sample.20160505"
"U81",0.317,1,"TP_run3_20201109.xlsx",49.7888938607645,15,"MO","Inlet1","7/6/2020","9:01","Surface",0,0,"","MO_Inlet1_20200706_0901_Surface_0_Limno.Sample.20160505"
"U82",0.252,1,"TP_run3_20201109.xlsx",38.784594704225,15,"MO","Inlet2","7/6/2020","9:01","Surface",0,0,"","MO_Inlet2_20200706_0901_Surface_0_Limno.Sample.20160505"
"U83",0.105,1,"TP_run3_20201109.xlsx",13.8979489194356,3,"FE","DeepHole","7/7/2020","11:30","PML",0,0.25,"","FE_DeepHole_20200707_1130_PML_0.25_Limno.Sample.20160505"
"U84",0.441,1,"TP_run3_20201109.xlsx",70.7817107132398,3,"FE","DeepHole","7/7/2020","11:30","Hypo",8,8,"","FE_DeepHole_20200707_1130_Hypo_8_Limno.Sample.20160505"
"U85",0.078,1,"TP_run3_20201109.xlsx",9.32693234671923,3,"WL","DeepHole","7/7/2020","10:00","PML",0,1,"","WL_DeepHole_20200707_1000_PML_1_Limno.Sample.20160505"
"U86",0.377,1,"TP_run3_20201109.xlsx",59.9467084668009,3,"WL","DeepHole","7/7/2020","10:00","Hypo",8,8,"","WL_DeepHole_20200707_1000_Hypo_8_Limno.Sample.20160505"
"U87",0.122,1,"TP_run3_20201109.xlsx",16.775996391146,15,"HB","DeepHole","7/8/2020","9:45","PML",0,0.25,"","HB_DeepHole_20200708_0945_PML_0.25_Limno.Sample.20160505"
"U88",0.204,1,"TP_run3_20201109.xlsx",30.6583430193958,15,"HB","DeepHole","7/8/2020","9:45","Hypo",3.5,3.5,"","HB_DeepHole_20200708_0945_Hypo_3.5_Limno.Sample.20160505"
"U89",0.156,1,"TP_run3_20201109.xlsx",22.5320913345666,15,"HB","Outlet","7/8/2020","9:45","Surface",0,0,"","HB_Outlet_20200708_0945_Surface_0_Limno.Sample.20160505"
"U9",0.557,1,"TP_run2_20201102.xlsx",91.4826916286334,35,"NG","DeepHole","6/6/2020","11:35","point",5.5,5.5,"","NG_DeepHole_20200606_1135_point_5.5_Limno.Sample.20160505"
"U90",0.07,1,"TP_run3_20201109.xlsx",7.97255706591437,15,"CR","DeepHole","7/10/2020","10:25","PML",0,2.5,"","CR_DeepHole_20200710_1025_PML_2.5_Limno.Sample.20160505"
"U91",0.106,1,"TP_run3_20201109.xlsx",14.0672458295362,15,"CR","DeepHole","7/10/2020","10:25","Hypo",7.5,7.5,"","CR_DeepHole_20200710_1025_Hypo_7.5_Limno.Sample.20160505"
"U92",0.088,1,"TP_run3_20201109.xlsx",11.0199014477253,15,"CR","Outlet","7/10/2020","10:25","Surface",0,0,"","CR_Outlet_20200710_1025_Surface_0_Limno.Sample.20160505"
"U93",0.114,1,"TP_run3_20201109.xlsx",15.4216211103411,3,"FE","DeepHole","7/15/2020","10:15","PML",0,1.5,"","FE_DeepHole_20200715_1015_PML_1.5_Limno.Sample.20160505"
"U94",0.301,1,"TP_run3_20201109.xlsx",47.0801432991547,3,"FE","DeepHole","7/15/2020","10:15","Hypo",8,8,"","FE_DeepHole_20200715_1015_Hypo_8_Limno.Sample.20160505"
"U95",0.285,1,"TP_run3_20201109.xlsx",44.371392737545,3,"FE","Inlet1","7/15/2020","10:15","Surface",0,0,"","FE_Inlet1_20200715_1015_Surface_0_Limno.Sample.20160505"
"U96",0.103,1,"TP_run3_20201109.xlsx",13.5593550992344,3,"WL","DeepHole","7/15/2020","9:07","PML",0,2,"","WL_DeepHole_20200715_0907_PML_2_Limno.Sample.20160505"
"U97",0.375,1,"TP_run3_20201109.xlsx",59.6081146465997,3,"WL","DeepHole","7/15/2020","9:07","Hypo",8,8,"","WL_DeepHole_20200715_0907_Hypo_8_Limno.Sample.20160505"
"U98",0.071,1,"TP_run3_20201109.xlsx",8.14185397601498,41,"JO","DeepHole","7/16/2020","11:20","PML",0,2,"","JO_DeepHole_20200716_1120_PML_2_Limno.Sample.20160505"
"U99",0.157,1,"TP_run3_20201109.xlsx",22.7013882446672,41,"JO","DeepHole","7/16/2020","11:20","Hypo",4.5,4.5,"","JO_DeepHole_20200716_1120_Hypo_4.5_Limno.Sample.20160505"
